status,is_udacity,is_canceled,join_date,account_key,cancel_date,days_to_cancel
canceled,True,True,2014-11-10 00:00:00,448,2015-01-14 00:00:00,65
canceled,True,True,2014-11-05 00:00:00,448,2014-11-10 00:00:00,5
canceled,True,True,2015-01-27 00:00:00,448,2015-01-27 00:00:00,0
canceled,True,True,2014-11-10 00:00:00,448,2014-11-10 00:00:00,0
current,True,False,2015-03-10 00:00:00,448,,
canceled,True,True,2015-01-14 00:00:00,448,2015-01-27 00:00:00,13
canceled,True,True,2015-01-27 00:00:00,448,2015-03-10 00:00:00,42
canceled,True,True,2015-01-27 00:00:00,448,2015-01-27 00:00:00,0
canceled,True,True,2015-01-27 00:00:00,448,2015-01-27 00:00:00,0
canceled,False,True,2014-11-10 00:00:00,700,2014-11-16 00:00:00,6
canceled,False,True,2014-11-10 00:00:00,429,2015-03-10 00:00:00,120
canceled,False,True,2015-03-10 00:00:00,429,2015-06-17 00:00:00,99
canceled,False,True,2014-11-10 00:00:00,60,2015-01-14 00:00:00,65
canceled,False,True,2015-01-14 00:00:00,60,2015-04-01 00:00:00,77
current,False,False,2015-04-01 00:00:00,60,,
canceled,False,True,2014-11-10 00:00:00,1300,2014-11-16 00:00:00,6
current,False,False,2014-11-10 00:00:00,369,,
canceled,False,True,2014-11-10 00:00:00,322,2015-02-02 00:00:00,84
canceled,False,True,2015-02-12 00:00:00,322,2015-02-12 00:00:00,0
canceled,False,True,2015-02-12 00:00:00,322,2015-03-10 00:00:00,26
current,False,False,2015-03-10 00:00:00,322,,
current,False,False,2014-11-10 00:00:00,336,,
current,False,False,2014-11-10 00:00:00,553,,
canceled,False,True,2014-11-10 00:00:00,584,2015-01-14 00:00:00,65
canceled,False,True,2015-01-14 00:00:00,584,2015-03-10 00:00:00,55
current,False,False,2015-03-10 00:00:00,584,,
canceled,False,True,2014-11-10 00:00:00,1006,2014-11-17 00:00:00,7
canceled,False,True,2014-11-10 00:00:00,458,2015-04-01 00:00:00,142
canceled,False,True,2015-04-04 00:00:00,458,2015-04-06 00:00:00,2
current,False,False,2015-04-06 00:00:00,458,,
canceled,False,True,2014-11-10 00:00:00,1058,2015-01-14 00:00:00,65
canceled,False,True,2015-01-14 00:00:00,1058,2015-03-10 00:00:00,55
current,False,False,2015-03-10 00:00:00,1058,,
current,False,False,2014-11-10 00:00:00,206,,
canceled,False,True,2014-11-10 00:00:00,45,2015-03-10 00:00:00,120
current,False,False,2015-03-10 00:00:00,45,,
canceled,False,True,2014-11-10 00:00:00,315,2015-05-17 00:00:00,188
current,False,False,2014-11-10 00:00:00,604,,
current,False,False,2014-11-10 00:00:00,204,,
canceled,False,True,2014-11-10 00:00:00,408,2015-03-10 00:00:00,120
canceled,False,True,2015-03-10 00:00:00,408,2015-04-01 00:00:00,22
canceled,False,True,2015-04-01 00:00:00,408,2015-04-17 00:00:00,16
canceled,False,True,2014-11-10 00:00:00,51,2015-03-10 00:00:00,120
canceled,False,True,2015-03-10 00:00:00,51,2015-06-17 00:00:00,99
canceled,False,True,2014-11-10 00:00:00,323,2015-04-17 00:00:00,158
current,False,False,2014-11-10 00:00:00,568,,
canceled,False,True,2014-11-10 00:00:00,130,2015-03-10 00:00:00,120
canceled,False,True,2015-03-10 00:00:00,130,2015-04-01 00:00:00,22
canceled,False,True,2015-04-01 00:00:00,130,2015-06-17 00:00:00,77
canceled,False,True,2014-11-10 00:00:00,550,2015-05-02 00:00:00,173
canceled,False,True,2015-05-28 00:00:00,550,2015-07-04 00:00:00,37
canceled,False,True,2014-11-10 00:00:00,44,2015-03-10 00:00:00,120
current,False,False,2015-03-10 00:00:00,44,,
canceled,False,True,2014-11-10 00:00:00,1020,2014-11-15 00:00:00,5
canceled,False,True,2014-11-10 00:00:00,838,2014-11-11 00:00:00,1
current,False,False,2014-11-10 00:00:00,198,,
current,False,False,2014-11-10 00:00:00,368,,
canceled,False,True,2014-11-11 00:00:00,440,2015-02-18 00:00:00,99
canceled,False,True,2014-11-11 00:00:00,675,2014-11-16 00:00:00,5
canceled,False,True,2014-11-11 00:00:00,57,2015-02-18 00:00:00,99
current,False,False,2015-05-06 00:00:00,57,,
canceled,False,True,2014-11-11 00:00:00,1090,2014-11-26 00:00:00,15
canceled,False,True,2014-11-12 00:00:00,541,2015-06-19 00:00:00,219
canceled,False,True,2014-11-12 00:00:00,756,2014-11-15 00:00:00,3
canceled,False,True,2014-11-15 00:00:00,756,2015-01-15 00:00:00,61
canceled,False,True,2014-11-12 00:00:00,1219,2014-11-12 00:00:00,0
canceled,False,True,2014-11-12 00:00:00,101,2015-04-20 00:00:00,159
canceled,False,True,2014-11-12 00:00:00,1021,2014-11-17 00:00:00,5
canceled,False,True,2014-11-12 00:00:00,1108,2014-11-16 00:00:00,4
canceled,False,True,2014-11-12 00:00:00,800,2014-11-14 00:00:00,2
canceled,False,True,2015-03-04 00:00:00,800,2015-05-11 00:00:00,68
canceled,False,True,2014-11-13 00:00:00,702,2014-11-15 00:00:00,2
canceled,False,True,2014-11-15 00:00:00,702,2015-01-14 00:00:00,60
canceled,False,True,2015-01-14 00:00:00,702,2015-03-10 00:00:00,55
current,False,False,2015-03-10 00:00:00,702,,
canceled,False,True,2014-11-13 00:00:00,871,2014-11-13 00:00:00,0
current,False,False,2014-11-14 00:00:00,38,,
current,False,False,2014-11-14 00:00:00,215,,
canceled,False,True,2014-11-14 00:00:00,744,2014-12-21 00:00:00,37
canceled,False,True,2014-11-14 00:00:00,217,2014-11-15 00:00:00,1
canceled,False,True,2014-11-15 00:00:00,217,2015-03-10 00:00:00,115
current,False,False,2015-03-10 00:00:00,217,,
canceled,False,True,2014-11-14 00:00:00,1221,2014-11-21 00:00:00,7
canceled,False,True,2014-11-14 00:00:00,1211,2014-11-15 00:00:00,1
canceled,False,True,2014-11-15 00:00:00,1211,2015-01-15 00:00:00,61
current,False,False,2015-03-06 00:00:00,1211,,
canceled,False,True,2014-11-14 00:00:00,1051,2014-11-16 00:00:00,2
canceled,False,True,2014-11-14 00:00:00,1286,2014-11-21 00:00:00,7
canceled,False,True,2014-11-14 00:00:00,53,2014-12-21 00:00:00,37
current,False,False,2015-05-11 00:00:00,53,,
canceled,False,True,2014-11-14 00:00:00,895,2014-11-19 00:00:00,5
canceled,False,True,2014-11-11 00:00:00,895,2014-11-11 00:00:00,0
current,False,False,2014-11-15 00:00:00,283,,
canceled,False,True,2014-11-13 00:00:00,283,2014-11-15 00:00:00,2
canceled,False,True,2014-11-15 00:00:00,338,2015-01-14 00:00:00,60
canceled,False,True,2015-01-14 00:00:00,338,2015-02-03 00:00:00,20
canceled,False,True,2015-02-03 00:00:00,338,2015-02-22 00:00:00,19
current,False,False,2015-05-11 00:00:00,338,,
current,False,False,2014-11-15 00:00:00,579,,
canceled,False,True,2014-11-16 00:00:00,903,2014-11-21 00:00:00,5
current,False,False,2014-11-16 00:00:00,627,,
canceled,False,True,2014-11-16 00:00:00,253,2015-01-14 00:00:00,59
current,False,False,2015-01-14 00:00:00,253,,
canceled,False,True,2014-11-16 00:00:00,861,2014-11-19 00:00:00,3
canceled,False,True,2014-11-17 00:00:00,178,2015-05-09 00:00:00,173
canceled,False,True,2014-11-17 00:00:00,822,2015-01-15 00:00:00,59
current,False,False,2015-07-18 00:00:00,822,,
current,False,False,2014-11-17 00:00:00,96,,
canceled,False,True,2014-11-10 00:00:00,123,2015-03-10 00:00:00,120
canceled,False,True,2015-03-10 00:00:00,123,2015-04-17 00:00:00,38
canceled,False,True,2014-11-10 00:00:00,943,2014-11-17 00:00:00,7
current,False,False,2014-11-10 00:00:00,620,,
canceled,False,True,2014-11-10 00:00:00,1204,2014-12-17 00:00:00,37
current,False,False,2014-11-10 00:00:00,195,,
canceled,False,True,2014-11-10 00:00:00,890,2014-11-11 00:00:00,1
current,False,False,2014-11-10 00:00:00,354,,
canceled,False,True,2014-11-10 00:00:00,837,2014-11-11 00:00:00,1
canceled,False,True,2014-11-10 00:00:00,114,2014-11-11 00:00:00,1
current,False,False,2015-05-08 00:00:00,114,,
canceled,False,True,2014-11-10 00:00:00,810,2014-11-13 00:00:00,3
canceled,False,True,2014-11-10 00:00:00,394,2015-04-17 00:00:00,158
canceled,False,True,2014-11-10 00:00:00,1253,2015-01-14 00:00:00,65
canceled,False,True,2015-01-14 00:00:00,1253,2015-01-20 00:00:00,6
canceled,False,True,2014-11-10 00:00:00,504,2015-06-17 00:00:00,219
current,False,False,2014-11-10 00:00:00,537,,
canceled,False,True,2014-11-10 00:00:00,72,2015-05-17 00:00:00,188
canceled,False,True,2014-11-10 00:00:00,268,2014-12-17 00:00:00,37
canceled,False,True,2015-04-03 00:00:00,268,2015-08-10 00:00:00,129
canceled,False,True,2014-11-10 00:00:00,339,2015-03-10 00:00:00,120
canceled,False,True,2015-04-01 00:00:00,339,2015-06-17 00:00:00,77
canceled,False,True,2015-03-10 00:00:00,339,2015-04-01 00:00:00,22
canceled,False,True,2014-11-10 00:00:00,1244,2015-01-14 00:00:00,65
current,False,False,2015-03-10 00:00:00,1244,,
canceled,False,True,2015-01-14 00:00:00,1244,2015-03-10 00:00:00,55
canceled,False,True,2015-03-17 00:00:00,1244,2015-04-27 00:00:00,41
canceled,False,True,2015-05-17 00:00:00,1244,2015-08-17 00:00:00,92
canceled,False,True,2014-11-10 00:00:00,752,2014-11-19 00:00:00,9
current,False,False,2014-11-10 00:00:00,194,,
canceled,False,True,2014-11-10 00:00:00,520,2015-03-17 00:00:00,127
current,False,False,2014-11-10 00:00:00,102,,
canceled,False,True,2014-11-11 00:00:00,367,2015-04-02 00:00:00,142
canceled,False,True,2014-11-10 00:00:00,258,2015-07-17 00:00:00,249
current,False,False,2014-11-10 00:00:00,522,,
canceled,False,True,2014-11-10 00:00:00,1047,2014-11-11 00:00:00,1
canceled,False,True,2014-11-10 00:00:00,329,2015-01-14 00:00:00,65
canceled,False,True,2015-03-10 00:00:00,329,2015-04-08 00:00:00,29
current,False,False,2015-04-08 00:00:00,329,,
canceled,False,True,2015-01-14 00:00:00,329,2015-02-03 00:00:00,20
canceled,False,True,2015-02-03 00:00:00,329,2015-03-10 00:00:00,35
current,False,False,2014-11-10 00:00:00,225,,
canceled,False,True,2014-11-10 00:00:00,612,2015-03-10 00:00:00,120
canceled,False,True,2015-03-10 00:00:00,612,2015-03-17 00:00:00,7
canceled,False,True,2014-11-10 00:00:00,150,2015-05-17 00:00:00,188
canceled,False,True,2014-11-10 00:00:00,179,2015-03-17 00:00:00,127
current,False,False,2014-11-10 00:00:00,595,,
canceled,False,True,2014-11-10 00:00:00,587,2015-01-14 00:00:00,65
canceled,False,True,2015-01-14 00:00:00,587,2015-04-17 00:00:00,93
current,False,False,2015-05-28 00:00:00,587,,
canceled,False,True,2014-11-10 00:00:00,439,2015-03-10 00:00:00,120
current,False,False,2015-03-10 00:00:00,439,,
current,False,False,2014-11-10 00:00:00,428,,
canceled,False,True,2014-11-10 00:00:00,18,2015-02-17 00:00:00,99
canceled,False,True,2014-11-10 00:00:00,544,2015-05-17 00:00:00,188
current,False,False,2014-11-10 00:00:00,10,,
canceled,False,True,2014-11-10 00:00:00,913,2015-01-14 00:00:00,65
canceled,False,True,2015-01-14 00:00:00,913,2015-02-17 00:00:00,34
current,False,False,2014-11-10 00:00:00,23,,
canceled,False,True,2014-11-10 00:00:00,576,2015-02-17 00:00:00,99
canceled,False,True,2014-11-10 00:00:00,431,2015-03-17 00:00:00,127
current,False,False,2014-11-10 00:00:00,223,,
canceled,False,True,2014-11-10 00:00:00,480,2015-03-10 00:00:00,120
canceled,False,True,2015-03-10 00:00:00,480,2015-04-01 00:00:00,22
current,False,False,2015-04-01 00:00:00,480,,
canceled,False,True,2014-11-10 00:00:00,525,2015-07-17 00:00:00,249
canceled,False,True,2014-11-11 00:00:00,1111,2015-03-10 00:00:00,119
canceled,False,True,2015-03-10 00:00:00,1111,2015-04-01 00:00:00,22
canceled,False,True,2015-04-01 00:00:00,1111,2015-04-18 00:00:00,17
canceled,False,True,2014-11-11 00:00:00,1107,2014-11-19 00:00:00,8
canceled,False,True,2014-11-12 00:00:00,577,2015-01-19 00:00:00,68
canceled,False,True,2015-02-05 00:00:00,577,2015-07-12 00:00:00,157
canceled,False,True,2014-11-12 00:00:00,92,2015-07-19 00:00:00,249
canceled,False,True,2014-11-12 00:00:00,335,2015-05-19 00:00:00,188
canceled,False,True,2014-11-12 00:00:00,275,2014-11-16 00:00:00,4
current,False,False,2014-11-16 00:00:00,275,,
canceled,False,True,2014-11-13 00:00:00,930,2014-11-17 00:00:00,4
current,False,False,2014-11-14 00:00:00,245,,
current,False,False,2014-11-14 00:00:00,135,,
current,False,False,2014-11-14 00:00:00,37,,
canceled,False,True,2014-11-14 00:00:00,740,2014-11-15 00:00:00,1
canceled,False,True,2014-11-11 00:00:00,740,2014-11-13 00:00:00,2
current,False,False,2014-11-14 00:00:00,186,,
current,False,False,2014-11-15 00:00:00,389,,
canceled,False,True,2014-11-14 00:00:00,389,2014-11-15 00:00:00,1
canceled,False,True,2014-11-15 00:00:00,1218,2014-11-15 00:00:00,0
canceled,False,True,2014-11-15 00:00:00,693,2015-01-14 00:00:00,60
canceled,False,True,2015-01-14 00:00:00,693,2015-01-23 00:00:00,9
canceled,False,True,2014-11-15 00:00:00,770,2014-11-19 00:00:00,4
canceled,False,True,2014-11-15 00:00:00,88,2015-03-10 00:00:00,115
current,False,False,2015-04-01 00:00:00,88,,
canceled,False,True,2015-03-10 00:00:00,88,2015-04-01 00:00:00,22
canceled,False,True,2014-11-16 00:00:00,845,2014-11-23 00:00:00,7
canceled,False,True,2014-11-16 00:00:00,983,2015-01-14 00:00:00,59
canceled,False,True,2015-01-14 00:00:00,983,2015-01-23 00:00:00,9
canceled,False,True,2014-11-17 00:00:00,1118,2014-12-24 00:00:00,37
canceled,False,True,2014-11-12 00:00:00,1118,2014-11-17 00:00:00,5
canceled,False,True,2014-11-17 00:00:00,499,2014-11-17 00:00:00,0
canceled,False,True,2015-02-06 00:00:00,499,2015-05-13 00:00:00,96
canceled,False,True,2014-12-03 00:00:00,590,2015-02-03 00:00:00,62
current,False,False,2015-05-11 00:00:00,590,,
canceled,False,True,2015-02-03 00:00:00,590,2015-03-10 00:00:00,35
canceled,False,True,2014-12-03 00:00:00,264,2015-02-03 00:00:00,62
canceled,False,True,2015-02-03 00:00:00,264,2015-02-25 00:00:00,22
current,False,False,2014-12-03 00:00:00,300,,
current,False,False,2014-12-03 00:00:00,54,,
canceled,False,True,2014-12-03 00:00:00,1043,2014-12-04 00:00:00,1
canceled,False,True,2014-12-03 00:00:00,1130,2015-01-25 00:00:00,53
canceled,False,True,2014-12-04 00:00:00,654,2014-12-04 00:00:00,0
canceled,False,True,2014-12-04 00:00:00,654,2014-12-04 00:00:00,0
canceled,False,True,2014-12-03 00:00:00,654,2014-12-03 00:00:00,0
canceled,False,True,2014-12-04 00:00:00,736,2015-03-11 00:00:00,97
canceled,False,True,2014-12-04 00:00:00,964,2014-12-04 00:00:00,0
canceled,False,True,2014-12-04 00:00:00,976,2015-01-11 00:00:00,38
canceled,False,True,2014-12-04 00:00:00,1203,2014-12-09 00:00:00,5
current,False,False,2014-12-04 00:00:00,278,,
current,False,False,2014-12-05 00:00:00,377,,
current,False,False,2014-12-05 00:00:00,342,,
current,False,False,2014-12-05 00:00:00,358,,
canceled,False,True,2014-12-06 00:00:00,316,2015-06-13 00:00:00,189
canceled,False,True,2014-12-07 00:00:00,347,2015-03-14 00:00:00,97
current,False,False,2015-04-05 00:00:00,347,,
canceled,False,True,2014-12-07 00:00:00,295,2014-12-07 00:00:00,0
current,False,False,2015-04-03 00:00:00,295,,
canceled,False,True,2014-12-07 00:00:00,343,2015-03-14 00:00:00,97
canceled,False,True,2014-12-07 00:00:00,1127,2014-12-08 00:00:00,1
canceled,False,True,2014-12-08 00:00:00,1076,2014-12-12 00:00:00,4
current,False,False,2014-12-08 00:00:00,502,,
canceled,False,True,2014-11-15 00:00:00,502,2014-11-21 00:00:00,6
canceled,False,True,2014-12-08 00:00:00,1223,2014-12-13 00:00:00,5
canceled,False,True,2014-12-03 00:00:00,221,2015-02-10 00:00:00,69
canceled,False,True,2014-12-03 00:00:00,631,2014-12-08 00:00:00,5
canceled,False,True,2015-05-08 00:00:00,631,2015-07-15 00:00:00,68
current,False,False,2014-12-04 00:00:00,495,,
canceled,False,True,2014-11-12 00:00:00,495,2014-11-17 00:00:00,5
canceled,False,True,2014-12-05 00:00:00,1009,2015-02-12 00:00:00,69
current,False,False,2014-12-05 00:00:00,364,,
canceled,False,True,2014-12-05 00:00:00,1252,2014-12-11 00:00:00,6
canceled,False,True,2014-12-05 00:00:00,909,2014-12-28 00:00:00,23
canceled,False,True,2014-12-06 00:00:00,1156,2014-12-08 00:00:00,2
canceled,False,True,2014-12-06 00:00:00,524,2015-02-03 00:00:00,59
current,False,False,2015-03-04 00:00:00,524,,
current,False,False,2014-12-06 00:00:00,560,,
current,False,False,2014-12-07 00:00:00,570,,
current,False,False,2014-12-07 00:00:00,581,,
canceled,False,True,2014-12-08 00:00:00,759,2015-02-03 00:00:00,57
canceled,False,True,2015-04-08 00:00:00,759,2015-04-15 00:00:00,7
canceled,False,True,2015-02-03 00:00:00,759,2015-04-08 00:00:00,64
canceled,False,True,2014-12-08 00:00:00,896,2015-02-03 00:00:00,57
canceled,False,True,2015-03-10 00:00:00,896,2015-04-08 00:00:00,29
canceled,False,True,2015-02-03 00:00:00,896,2015-03-10 00:00:00,35
current,False,False,2015-04-08 00:00:00,896,,
current,False,False,2014-12-08 00:00:00,346,,
canceled,False,True,2014-12-05 00:00:00,346,2014-12-05 00:00:00,0
canceled,False,True,2014-12-08 00:00:00,411,2015-02-03 00:00:00,57
canceled,False,True,2015-03-10 00:00:00,411,2015-04-08 00:00:00,29
canceled,False,True,2015-02-03 00:00:00,411,2015-03-10 00:00:00,35
canceled,False,True,2015-04-08 00:00:00,411,2015-06-15 00:00:00,68
canceled,False,True,2014-12-08 00:00:00,705,2014-12-14 00:00:00,6
canceled,False,True,2015-04-08 00:00:00,705,2015-04-28 00:00:00,20
canceled,False,True,2014-12-08 00:00:00,776,2015-02-03 00:00:00,57
canceled,False,True,2014-12-08 00:00:00,557,2015-02-03 00:00:00,57
current,False,False,2015-03-10 00:00:00,557,,
canceled,False,True,2015-02-03 00:00:00,557,2015-03-10 00:00:00,35
canceled,False,True,2014-12-09 00:00:00,1234,2014-12-14 00:00:00,5
canceled,False,True,2014-12-09 00:00:00,634,2015-06-16 00:00:00,189
canceled,False,True,2014-12-09 00:00:00,1124,2015-02-03 00:00:00,56
current,False,False,2015-04-08 00:00:00,1124,,
canceled,False,True,2015-02-03 00:00:00,1124,2015-04-08 00:00:00,64
canceled,False,True,2014-12-09 00:00:00,932,2015-01-16 00:00:00,38
canceled,False,True,2014-12-09 00:00:00,817,2014-12-09 00:00:00,0
canceled,False,True,2014-12-09 00:00:00,169,2014-12-14 00:00:00,5
canceled,False,True,2015-02-05 00:00:00,169,2015-08-12 00:00:00,188
current,False,False,2015-01-07 00:00:00,350,,
current,False,False,2015-01-07 00:00:00,345,,
canceled,False,True,2015-01-07 00:00:00,1171,2015-01-07 00:00:00,0
current,False,False,2015-01-07 00:00:00,530,,
current,False,False,2015-01-07 00:00:00,383,,
canceled,False,True,2015-01-07 00:00:00,1271,2015-01-13 00:00:00,6
canceled,False,True,2015-01-07 00:00:00,229,2015-06-14 00:00:00,158
canceled,False,True,2015-01-08 00:00:00,876,2015-01-11 00:00:00,3
canceled,False,True,2015-01-08 00:00:00,622,2015-06-15 00:00:00,158
canceled,False,True,2015-01-08 00:00:00,1065,2015-01-11 00:00:00,3
canceled,False,True,2015-01-08 00:00:00,884,2015-01-08 00:00:00,0
canceled,False,True,2015-01-08 00:00:00,730,2015-01-30 00:00:00,22
canceled,False,True,2015-01-08 00:00:00,905,2015-03-15 00:00:00,66
current,False,False,2015-01-09 00:00:00,356,,
canceled,False,True,2015-01-09 00:00:00,1164,2015-01-14 00:00:00,5
canceled,False,True,2015-01-09 00:00:00,170,2015-08-16 00:00:00,219
canceled,False,True,2015-01-10 00:00:00,467,2015-07-02 00:00:00,173
canceled,False,True,2015-01-11 00:00:00,780,2015-02-18 00:00:00,38
canceled,False,True,2015-01-11 00:00:00,418,2015-07-18 00:00:00,188
canceled,False,True,2015-01-11 00:00:00,1074,2015-03-10 00:00:00,58
canceled,False,True,2015-03-10 00:00:00,1074,2015-04-18 00:00:00,39
canceled,False,True,2015-01-11 00:00:00,859,2015-02-18 00:00:00,38
canceled,False,True,2014-11-15 00:00:00,859,2014-11-22 00:00:00,7
canceled,False,True,2014-11-10 00:00:00,91,2015-03-10 00:00:00,120
current,False,False,2015-03-10 00:00:00,91,,
current,False,False,2014-11-10 00:00:00,12,,
canceled,False,True,2014-11-10 00:00:00,3,2015-03-10 00:00:00,120
current,False,False,2015-03-10 00:00:00,3,,
canceled,False,True,2014-11-10 00:00:00,157,2015-03-10 00:00:00,120
canceled,False,True,2015-03-10 00:00:00,157,2015-07-17 00:00:00,129
current,False,False,2014-11-10 00:00:00,224,,
current,False,False,2014-11-10 00:00:00,562,,
current,False,False,2014-11-10 00:00:00,1098,,
canceled,False,True,2014-11-10 00:00:00,378,2015-03-10 00:00:00,120
canceled,False,True,2015-03-10 00:00:00,378,2015-04-17 00:00:00,38
canceled,False,True,2014-11-10 00:00:00,1214,2015-01-15 00:00:00,66
canceled,False,True,2014-11-10 00:00:00,483,2015-04-20 00:00:00,161
canceled,False,True,2014-11-10 00:00:00,1094,2014-12-17 00:00:00,37
canceled,False,True,2014-11-10 00:00:00,882,2014-12-17 00:00:00,37
canceled,False,True,2014-11-10 00:00:00,412,2015-03-10 00:00:00,120
current,False,False,2015-04-01 00:00:00,412,,
canceled,False,True,2015-03-10 00:00:00,412,2015-04-01 00:00:00,22
current,False,False,2014-11-10 00:00:00,390,,
canceled,False,True,2014-11-10 00:00:00,366,2015-03-10 00:00:00,120
canceled,False,True,2015-04-01 00:00:00,366,2015-04-17 00:00:00,16
canceled,False,True,2015-03-10 00:00:00,366,2015-04-01 00:00:00,22
current,False,False,2014-11-10 00:00:00,81,,
canceled,False,True,2014-11-10 00:00:00,696,2015-01-14 00:00:00,65
canceled,False,True,2015-01-14 00:00:00,696,2015-01-20 00:00:00,6
canceled,False,True,2014-11-10 00:00:00,892,2014-11-12 00:00:00,2
canceled,False,True,2014-11-10 00:00:00,1142,2015-01-14 00:00:00,65
canceled,False,True,2015-03-10 00:00:00,1142,2015-07-17 00:00:00,129
canceled,False,True,2015-01-14 00:00:00,1142,2015-03-10 00:00:00,55
current,False,False,2014-11-11 00:00:00,234,,
canceled,False,True,2014-11-11 00:00:00,148,2015-03-10 00:00:00,119
canceled,False,True,2015-04-01 00:00:00,148,2015-04-18 00:00:00,17
canceled,False,True,2015-03-10 00:00:00,148,2015-04-01 00:00:00,22
canceled,False,True,2014-11-11 00:00:00,630,2015-03-18 00:00:00,127
canceled,False,True,2014-11-11 00:00:00,1083,2014-11-12 00:00:00,1
canceled,False,True,2014-11-11 00:00:00,1011,2014-11-12 00:00:00,1
canceled,False,True,2015-04-08 00:00:00,1011,2015-05-15 00:00:00,37
canceled,False,True,2014-11-12 00:00:00,1114,2014-11-18 00:00:00,6
canceled,False,True,2014-11-12 00:00:00,161,2015-05-19 00:00:00,188
canceled,False,True,2014-11-12 00:00:00,441,2015-06-19 00:00:00,219
canceled,False,True,2014-11-13 00:00:00,712,2015-03-20 00:00:00,127
current,False,False,2014-11-14 00:00:00,273,,
canceled,False,True,2014-11-14 00:00:00,76,2014-11-15 00:00:00,1
current,False,False,2015-01-15 00:00:00,76,,
canceled,False,True,2014-11-15 00:00:00,76,2015-01-15 00:00:00,61
canceled,False,True,2014-11-14 00:00:00,938,2015-01-16 00:00:00,63
current,False,False,2014-11-14 00:00:00,131,,
current,False,False,2014-11-14 00:00:00,231,,
canceled,False,True,2014-11-14 00:00:00,1085,2014-11-18 00:00:00,4
current,False,False,2014-11-14 00:00:00,327,,
canceled,False,True,2014-11-15 00:00:00,829,2014-12-22 00:00:00,37
canceled,False,True,2014-11-14 00:00:00,829,2014-11-15 00:00:00,1
canceled,False,True,2014-11-15 00:00:00,203,2014-11-21 00:00:00,6
canceled,False,True,2015-05-12 00:00:00,203,2015-07-19 00:00:00,68
current,False,False,2014-11-15 00:00:00,277,,
current,False,False,2014-11-15 00:00:00,280,,
current,False,False,2014-11-16 00:00:00,308,,
canceled,False,True,2014-11-17 00:00:00,1239,2014-11-19 00:00:00,2
canceled,False,True,2014-11-17 00:00:00,1230,2014-11-19 00:00:00,2
canceled,False,True,2014-11-17 00:00:00,875,2014-11-17 00:00:00,0
current,False,False,2014-12-03 00:00:00,202,,
canceled,False,True,2014-12-03 00:00:00,563,2015-07-10 00:00:00,219
canceled,False,True,2014-12-03 00:00:00,1167,2015-01-10 00:00:00,38
canceled,False,True,2014-12-03 00:00:00,643,2015-02-03 00:00:00,62
canceled,False,True,2015-03-10 00:00:00,643,2015-04-08 00:00:00,29
current,False,False,2015-04-18 00:00:00,643,,
canceled,False,True,2015-04-08 00:00:00,643,2015-04-18 00:00:00,10
canceled,False,True,2015-02-03 00:00:00,643,2015-03-10 00:00:00,35
canceled,False,True,2014-12-03 00:00:00,110,2015-05-10 00:00:00,158
current,False,False,2014-12-04 00:00:00,244,,
canceled,False,True,2014-12-04 00:00:00,1289,2015-02-03 00:00:00,61
canceled,False,True,2014-12-04 00:00:00,1120,2014-12-04 00:00:00,0
canceled,False,True,2014-12-05 00:00:00,500,2015-02-03 00:00:00,60
canceled,False,True,2014-11-12 00:00:00,500,2014-11-17 00:00:00,5
current,False,False,2015-02-03 00:00:00,500,,
canceled,False,True,2014-12-05 00:00:00,728,2014-12-05 00:00:00,0
current,False,False,2014-12-05 00:00:00,209,,
current,False,False,2014-12-05 00:00:00,292,,
current,False,False,2014-12-05 00:00:00,546,,
canceled,False,True,2014-12-05 00:00:00,1160,2015-01-12 00:00:00,38
canceled,False,True,2014-12-06 00:00:00,64,2015-04-13 00:00:00,128
canceled,False,True,2014-12-06 00:00:00,637,2014-12-10 00:00:00,4
canceled,False,True,2015-03-10 00:00:00,637,2015-04-14 00:00:00,35
canceled,False,True,2015-05-06 00:00:00,637,2015-08-13 00:00:00,99
canceled,False,True,2015-01-07 00:00:00,637,2015-03-10 00:00:00,62
canceled,False,True,2014-12-07 00:00:00,52,2015-03-14 00:00:00,97
canceled,False,True,2014-12-07 00:00:00,747,2014-12-13 00:00:00,6
current,False,False,2015-04-02 00:00:00,747,,
current,False,False,2014-12-07 00:00:00,450,,
canceled,False,True,2014-12-07 00:00:00,111,2015-03-01 00:00:00,84
canceled,False,True,2014-12-08 00:00:00,583,2015-05-15 00:00:00,158
current,False,False,2014-12-08 00:00:00,461,,
canceled,False,True,2014-12-08 00:00:00,1199,2015-01-15 00:00:00,38
canceled,False,True,2014-12-09 00:00:00,743,2015-01-16 00:00:00,38
canceled,False,True,2014-12-09 00:00:00,474,2015-03-16 00:00:00,97
canceled,False,True,2014-12-09 00:00:00,960,2014-12-15 00:00:00,6
canceled,False,True,2014-12-09 00:00:00,667,2015-01-16 00:00:00,38
canceled,False,True,2014-12-09 00:00:00,1095,2014-12-13 00:00:00,4
canceled,False,True,2015-06-06 00:00:00,1095,2015-08-13 00:00:00,68
canceled,False,True,2014-12-09 00:00:00,79,2015-07-16 00:00:00,219
canceled,False,True,2015-01-07 00:00:00,691,2015-01-10 00:00:00,3
current,False,False,2015-01-07 00:00:00,66,,
canceled,False,True,2015-01-07 00:00:00,197,2015-06-14 00:00:00,158
canceled,False,True,2015-01-07 00:00:00,67,2015-03-14 00:00:00,66
canceled,False,True,2015-01-08 00:00:00,678,2015-02-15 00:00:00,38
canceled,False,True,2015-01-08 00:00:00,873,2015-01-30 00:00:00,22
canceled,False,True,2015-01-08 00:00:00,623,2015-04-15 00:00:00,97
canceled,False,True,2014-12-07 00:00:00,623,2014-12-14 00:00:00,7
current,False,False,2015-01-08 00:00:00,791,,
canceled,False,True,2015-01-09 00:00:00,507,2015-03-10 00:00:00,60
current,False,False,2015-03-10 00:00:00,507,,
current,False,False,2015-01-09 00:00:00,488,,
canceled,False,True,2014-11-15 00:00:00,488,2014-11-20 00:00:00,5
canceled,False,True,2015-01-09 00:00:00,270,2015-05-31 00:00:00,142
canceled,False,True,2015-01-09 00:00:00,362,2015-02-05 00:00:00,27
canceled,False,True,2015-02-05 00:00:00,362,2015-04-16 00:00:00,70
canceled,False,True,2015-01-10 00:00:00,263,2015-04-17 00:00:00,97
current,False,False,2015-08-12 00:00:00,263,,
canceled,False,True,2015-06-01 00:00:00,263,2015-07-08 00:00:00,37
canceled,False,True,2015-01-10 00:00:00,965,2015-04-17 00:00:00,97
canceled,False,True,2015-01-11 00:00:00,761,2015-02-18 00:00:00,38
canceled,False,True,2015-01-11 00:00:00,1191,2015-01-11 00:00:00,0
current,False,False,2015-01-12 00:00:00,598,,
canceled,False,True,2015-01-12 00:00:00,785,2015-03-10 00:00:00,57
canceled,False,True,2015-04-08 00:00:00,785,2015-05-19 00:00:00,41
canceled,False,True,2015-03-10 00:00:00,785,2015-04-08 00:00:00,29
canceled,False,True,2015-01-12 00:00:00,989,2015-02-18 00:00:00,37
canceled,False,True,2015-04-08 00:00:00,989,2015-06-19 00:00:00,72
canceled,False,True,2015-02-18 00:00:00,989,2015-04-08 00:00:00,49
current,False,False,2015-01-12 00:00:00,28,,
canceled,False,True,2014-12-08 00:00:00,1293,2014-12-10 00:00:00,2
current,False,False,2014-12-08 00:00:00,166,,
canceled,False,True,2014-12-08 00:00:00,682,2014-12-15 00:00:00,7
canceled,False,True,2014-12-07 00:00:00,682,2014-12-07 00:00:00,0
canceled,False,True,2015-04-08 00:00:00,682,2015-05-15 00:00:00,37
canceled,False,True,2014-12-09 00:00:00,1295,2014-12-15 00:00:00,6
canceled,False,True,2015-07-17 00:00:00,1295,2015-07-22 00:00:00,5
canceled,False,True,2014-12-09 00:00:00,695,2014-12-15 00:00:00,6
canceled,False,True,2014-12-09 00:00:00,671,2015-02-03 00:00:00,56
canceled,False,True,2014-12-09 00:00:00,907,2014-12-15 00:00:00,6
canceled,False,True,2014-12-29 00:00:00,1121,2015-01-12 00:00:00,14
canceled,False,True,2014-11-11 00:00:00,1121,2014-12-29 00:00:00,48
canceled,False,True,2015-01-12 00:00:00,1121,2015-02-18 00:00:00,37
canceled,False,True,2015-01-07 00:00:00,966,2015-03-10 00:00:00,62
current,False,False,2015-03-10 00:00:00,966,,
canceled,False,True,2015-01-07 00:00:00,442,2015-03-10 00:00:00,62
current,False,False,2015-03-10 00:00:00,442,,
canceled,False,True,2015-03-15 00:00:00,442,2015-04-27 00:00:00,43
current,False,False,2015-05-14 00:00:00,442,,
canceled,False,True,2015-01-07 00:00:00,5,2015-04-16 00:00:00,99
canceled,False,True,2015-01-07 00:00:00,5,2015-01-07 00:00:00,0
canceled,False,True,2015-01-07 00:00:00,1283,2015-01-10 00:00:00,3
current,False,False,2015-01-07 00:00:00,592,,
canceled,False,True,2015-01-08 00:00:00,1137,2015-01-10 00:00:00,2
canceled,False,True,2015-01-08 00:00:00,34,2015-02-03 00:00:00,26
canceled,False,True,2014-11-16 00:00:00,34,2015-01-08 00:00:00,53
current,False,False,2015-02-03 00:00:00,34,,
canceled,False,True,2015-01-09 00:00:00,824,2015-01-31 00:00:00,22
canceled,False,True,2015-02-10 00:00:00,824,2015-03-04 00:00:00,22
current,False,False,2015-01-09 00:00:00,0,,
canceled,False,True,2015-01-09 00:00:00,688,2015-01-11 00:00:00,2
current,False,False,2015-01-09 00:00:00,527,,
canceled,True,True,2015-01-10 00:00:00,1304,2015-03-10 00:00:00,59
canceled,True,True,2015-03-10 00:00:00,1304,2015-06-17 00:00:00,99
canceled,False,True,2015-01-11 00:00:00,1060,2015-02-18 00:00:00,38
canceled,False,True,2015-01-11 00:00:00,1010,2015-01-11 00:00:00,0
canceled,False,True,2014-11-11 00:00:00,745,2014-11-13 00:00:00,2
canceled,False,True,2014-11-12 00:00:00,227,2014-12-19 00:00:00,37
current,False,False,2015-04-08 00:00:00,227,,
canceled,False,True,2014-11-12 00:00:00,929,2014-11-17 00:00:00,5
canceled,False,True,2014-11-12 00:00:00,841,2014-11-12 00:00:00,0
canceled,False,True,2014-11-12 00:00:00,599,2015-01-14 00:00:00,63
canceled,False,True,2015-01-14 00:00:00,599,2015-01-22 00:00:00,8
current,False,False,2015-04-02 00:00:00,599,,
canceled,False,True,2014-11-13 00:00:00,181,2015-03-10 00:00:00,117
current,False,False,2015-03-10 00:00:00,181,,
canceled,False,True,2014-11-13 00:00:00,1035,2014-11-13 00:00:00,0
canceled,False,True,2015-02-06 00:00:00,1035,2015-02-09 00:00:00,3
canceled,False,True,2014-11-13 00:00:00,639,2015-03-20 00:00:00,127
current,False,False,2014-11-14 00:00:00,126,,
current,False,False,2014-11-14 00:00:00,254,,
canceled,False,True,2014-11-14 00:00:00,1303,2015-01-14 00:00:00,61
canceled,False,True,2015-03-10 00:00:00,1303,2015-04-08 00:00:00,29
canceled,False,True,2015-04-08 00:00:00,1303,2015-04-21 00:00:00,13
canceled,False,True,2015-01-14 00:00:00,1303,2015-02-03 00:00:00,20
canceled,False,True,2015-02-03 00:00:00,1303,2015-03-10 00:00:00,35
canceled,False,True,2014-11-14 00:00:00,969,2014-12-22 00:00:00,38
canceled,False,True,2014-11-14 00:00:00,869,2014-11-21 00:00:00,7
canceled,False,True,2014-11-15 00:00:00,972,2015-01-14 00:00:00,60
canceled,False,True,2015-01-14 00:00:00,972,2015-03-10 00:00:00,55
canceled,False,True,2015-03-10 00:00:00,972,2015-03-22 00:00:00,12
canceled,False,True,2014-11-16 00:00:00,334,2015-03-10 00:00:00,114
current,False,False,2015-03-10 00:00:00,334,,
current,False,False,2014-11-16 00:00:00,469,,
canceled,False,True,2014-11-16 00:00:00,684,2014-11-21 00:00:00,5
canceled,False,True,2014-11-17 00:00:00,1012,2014-11-21 00:00:00,4
current,False,False,2015-01-12 00:00:00,33,,
current,False,False,2015-01-12 00:00:00,250,,
canceled,False,True,2015-01-12 00:00:00,1109,2015-01-16 00:00:00,4
current,False,False,2015-01-12 00:00:00,486,,
canceled,False,True,2015-01-12 00:00:00,862,2015-01-18 00:00:00,6
current,False,False,2015-01-12 00:00:00,567,,
current,False,False,2015-01-13 00:00:00,371,,
canceled,False,True,2015-01-13 00:00:00,765,2015-01-18 00:00:00,5
canceled,False,True,2015-01-14 00:00:00,1277,2015-01-22 00:00:00,8
canceled,False,True,2014-11-14 00:00:00,1277,2015-01-14 00:00:00,61
canceled,False,True,2015-01-14 00:00:00,1071,2015-03-17 00:00:00,62
canceled,False,True,2014-11-10 00:00:00,1071,2015-01-14 00:00:00,65
canceled,False,True,2015-01-14 00:00:00,923,2015-03-10 00:00:00,55
canceled,False,True,2014-11-16 00:00:00,923,2015-01-14 00:00:00,59
current,False,False,2015-03-10 00:00:00,923,,
canceled,False,True,2015-01-14 00:00:00,640,2015-01-15 00:00:00,1
canceled,False,True,2014-11-12 00:00:00,640,2015-01-14 00:00:00,63
current,False,False,2015-04-01 00:00:00,640,,
canceled,False,True,2015-01-15 00:00:00,640,2015-01-15 00:00:00,0
canceled,False,True,2015-01-15 00:00:00,640,2015-03-10 00:00:00,54
canceled,False,True,2015-03-10 00:00:00,640,2015-04-01 00:00:00,22
canceled,False,True,2015-01-14 00:00:00,1174,2015-02-03 00:00:00,20
canceled,False,True,2014-11-10 00:00:00,1174,2015-01-14 00:00:00,65
canceled,False,True,2015-02-03 00:00:00,1174,2015-02-17 00:00:00,14
canceled,False,True,2015-01-14 00:00:00,1019,2015-01-18 00:00:00,4
canceled,False,True,2014-11-11 00:00:00,1019,2015-01-14 00:00:00,64
canceled,False,True,2015-01-14 00:00:00,655,2015-01-20 00:00:00,6
canceled,False,True,2014-11-10 00:00:00,655,2015-01-14 00:00:00,65
current,False,False,2015-02-03 00:00:00,529,,
canceled,False,True,2014-12-08 00:00:00,529,2015-02-03 00:00:00,57
current,False,False,2014-11-17 00:00:00,222,,
canceled,False,True,2014-12-03 00:00:00,256,2015-04-01 00:00:00,119
canceled,False,True,2015-04-01 00:00:00,256,2015-06-10 00:00:00,70
current,False,False,2014-12-03 00:00:00,288,,
canceled,False,True,2014-12-03 00:00:00,523,2015-01-12 00:00:00,40
canceled,False,True,2015-01-12 00:00:00,523,2015-03-10 00:00:00,57
current,False,False,2015-03-10 00:00:00,523,,
canceled,False,True,2014-12-03 00:00:00,24,2015-06-10 00:00:00,189
canceled,False,True,2014-12-03 00:00:00,922,2014-12-08 00:00:00,5
canceled,False,True,2014-12-03 00:00:00,707,2014-12-03 00:00:00,0
canceled,False,True,2014-12-04 00:00:00,397,2015-04-01 00:00:00,118
current,False,False,2015-04-01 00:00:00,397,,
canceled,False,True,2014-12-04 00:00:00,925,2014-12-05 00:00:00,1
canceled,False,True,2014-12-04 00:00:00,265,2015-01-11 00:00:00,38
canceled,False,True,2014-12-04 00:00:00,650,2014-12-10 00:00:00,6
canceled,False,True,2015-03-04 00:00:00,650,2015-08-11 00:00:00,160
canceled,False,True,2014-12-04 00:00:00,717,2014-12-04 00:00:00,0
canceled,False,True,2014-12-04 00:00:00,1013,2015-04-01 00:00:00,118
canceled,False,True,2015-04-01 00:00:00,1013,2015-04-11 00:00:00,10
canceled,False,True,2014-12-05 00:00:00,618,2015-04-12 00:00:00,128
canceled,False,True,2014-12-05 00:00:00,1236,2015-02-03 00:00:00,60
current,False,False,2014-12-05 00:00:00,1181,,
canceled,False,True,2014-12-05 00:00:00,1152,2014-12-07 00:00:00,2
canceled,False,True,2015-05-11 00:00:00,1152,2015-05-14 00:00:00,3
canceled,False,True,2015-07-16 00:00:00,1152,2015-07-22 00:00:00,6
canceled,False,True,2014-12-05 00:00:00,1225,2014-12-10 00:00:00,5
canceled,False,True,2014-12-07 00:00:00,727,2014-12-07 00:00:00,0
canceled,False,True,2014-12-07 00:00:00,866,2015-01-14 00:00:00,38
canceled,False,True,2014-12-07 00:00:00,1201,2015-01-14 00:00:00,38
canceled,False,True,2014-12-08 00:00:00,982,2014-12-09 00:00:00,1
canceled,False,True,2014-12-08 00:00:00,193,2015-04-01 00:00:00,114
current,False,False,2015-04-01 00:00:00,193,,
canceled,False,True,2014-12-08 00:00:00,710,2015-02-03 00:00:00,57
canceled,False,True,2015-02-03 00:00:00,710,2015-02-15 00:00:00,12
canceled,False,True,2015-01-12 00:00:00,1273,2015-01-12 00:00:00,0
canceled,False,True,2015-01-12 00:00:00,1280,2015-01-15 00:00:00,3
canceled,False,True,2015-01-12 00:00:00,180,2015-03-10 00:00:00,57
current,False,False,2015-04-08 00:00:00,180,,
canceled,False,True,2015-03-10 00:00:00,180,2015-04-08 00:00:00,29
canceled,False,True,2015-01-12 00:00:00,722,2015-03-10 00:00:00,57
canceled,False,True,2015-03-10 00:00:00,722,2015-05-19 00:00:00,70
current,False,False,2015-01-13 00:00:00,125,,
canceled,False,True,2015-01-14 00:00:00,954,2015-03-10 00:00:00,55
canceled,False,True,2015-03-10 00:00:00,954,2015-04-02 00:00:00,23
canceled,False,True,2014-11-10 00:00:00,954,2015-01-14 00:00:00,65
current,False,False,2015-01-14 00:00:00,140,,
canceled,False,True,2014-11-10 00:00:00,140,2015-01-14 00:00:00,65
canceled,False,True,2015-01-14 00:00:00,1139,2015-01-16 00:00:00,2
canceled,False,True,2015-01-16 00:00:00,1139,2015-02-18 00:00:00,33
canceled,False,True,2014-11-11 00:00:00,1139,2015-01-14 00:00:00,64
current,False,False,2015-02-03 00:00:00,388,,
canceled,False,True,2014-12-08 00:00:00,388,2015-02-03 00:00:00,57
current,False,False,2015-02-03 00:00:00,147,,
canceled,False,True,2014-12-03 00:00:00,147,2015-02-03 00:00:00,62
canceled,False,True,2015-02-03 00:00:00,119,2015-04-08 00:00:00,64
current,False,False,2015-04-08 00:00:00,119,,
canceled,False,True,2014-12-03 00:00:00,119,2015-02-03 00:00:00,62
canceled,False,True,2015-02-05 00:00:00,97,2015-04-08 00:00:00,62
current,False,False,2015-04-08 00:00:00,97,,
canceled,False,True,2015-02-05 00:00:00,962,2015-02-06 00:00:00,1
canceled,False,True,2014-12-04 00:00:00,962,2014-12-05 00:00:00,1
canceled,False,True,2015-02-05 00:00:00,984,2015-03-12 00:00:00,35
current,False,False,2015-08-13 00:00:00,984,,
canceled,False,True,2015-02-05 00:00:00,444,2015-04-08 00:00:00,62
current,False,False,2015-04-08 00:00:00,444,,
canceled,False,True,2014-12-04 00:00:00,444,2014-12-06 00:00:00,2
current,False,False,2015-02-05 00:00:00,493,,
current,False,False,2015-02-06 00:00:00,435,,
canceled,False,True,2015-02-06 00:00:00,386,2015-04-08 00:00:00,61
canceled,False,True,2015-04-08 00:00:00,386,2015-06-13 00:00:00,66
canceled,False,True,2015-01-13 00:00:00,386,2015-01-17 00:00:00,4
current,False,False,2014-11-10 00:00:00,156,,
canceled,False,True,2014-11-10 00:00:00,649,2015-03-17 00:00:00,127
current,False,False,2014-11-10 00:00:00,145,,
current,False,False,2014-11-10 00:00:00,420,,
current,False,False,2014-11-10 00:00:00,582,,
canceled,False,True,2014-11-10 00:00:00,165,2015-03-17 00:00:00,127
canceled,False,True,2014-11-10 00:00:00,580,2015-07-17 00:00:00,249
canceled,False,True,2014-11-10 00:00:00,919,2015-03-17 00:00:00,127
canceled,False,True,2014-11-10 00:00:00,90,2015-03-10 00:00:00,120
canceled,False,True,2015-03-10 00:00:00,90,2015-04-01 00:00:00,22
current,False,False,2015-04-01 00:00:00,90,,
canceled,True,True,2014-11-10 00:00:00,312,2015-03-10 00:00:00,120
canceled,True,True,2015-03-10 00:00:00,312,2015-04-01 00:00:00,22
canceled,True,True,2015-04-01 00:00:00,312,2015-07-02 00:00:00,92
current,True,False,2015-07-08 00:00:00,312,,
canceled,False,True,2014-11-10 00:00:00,864,2014-11-19 00:00:00,9
canceled,False,True,2014-11-10 00:00:00,963,2014-11-14 00:00:00,4
current,False,False,2014-11-10 00:00:00,328,,
canceled,False,True,2014-11-10 00:00:00,1122,2014-11-17 00:00:00,7
canceled,False,True,2014-11-10 00:00:00,626,2014-11-19 00:00:00,9
canceled,False,True,2015-03-04 00:00:00,626,2015-05-11 00:00:00,68
canceled,False,True,2014-11-10 00:00:00,1238,2014-11-10 00:00:00,0
canceled,False,True,2014-11-11 00:00:00,1117,2015-01-15 00:00:00,65
canceled,False,True,2014-11-12 00:00:00,187,2015-04-19 00:00:00,158
current,False,False,2014-11-12 00:00:00,617,,
canceled,False,True,2015-02-03 00:00:00,547,2015-08-16 00:00:00,194
canceled,False,True,2014-12-09 00:00:00,547,2015-02-03 00:00:00,56
canceled,False,True,2015-02-05 00:00:00,159,2015-02-12 00:00:00,7
canceled,False,True,2014-12-09 00:00:00,159,2015-02-03 00:00:00,56
current,False,False,2015-02-12 00:00:00,159,,
current,False,False,2015-02-05 00:00:00,561,,
canceled,False,True,2015-02-05 00:00:00,1226,2015-04-08 00:00:00,62
canceled,False,True,2015-04-08 00:00:00,1226,2015-05-12 00:00:00,34
current,False,False,2015-02-05 00:00:00,352,,
current,False,False,2015-02-06 00:00:00,374,,
canceled,False,True,2015-02-06 00:00:00,857,2015-04-08 00:00:00,61
current,False,False,2015-04-08 00:00:00,857,,
canceled,False,True,2015-02-08 00:00:00,1044,2015-02-08 00:00:00,0
canceled,False,True,2015-02-09 00:00:00,143,2015-06-16 00:00:00,127
canceled,False,True,2015-02-10 00:00:00,138,2015-04-08 00:00:00,57
current,False,False,2015-04-08 00:00:00,138,,
canceled,False,True,2015-02-11 00:00:00,952,2015-03-18 00:00:00,35
canceled,False,True,2015-02-11 00:00:00,716,2015-02-15 00:00:00,4
canceled,False,True,2015-02-11 00:00:00,1233,2015-02-16 00:00:00,5
canceled,False,True,2015-02-11 00:00:00,416,2015-02-16 00:00:00,5
canceled,False,True,2015-04-08 00:00:00,416,2015-07-15 00:00:00,98
canceled,False,True,2015-03-04 00:00:00,477,2015-07-11 00:00:00,129
canceled,False,True,2015-03-04 00:00:00,132,2015-06-11 00:00:00,99
canceled,False,True,2015-03-04 00:00:00,624,2015-06-26 00:00:00,114
current,False,False,2015-03-04 00:00:00,50,,
canceled,False,True,2015-03-04 00:00:00,1297,2015-03-09 00:00:00,5
canceled,False,True,2015-02-05 00:00:00,1297,2015-02-08 00:00:00,3
canceled,False,True,2015-03-05 00:00:00,749,2015-03-05 00:00:00,0
canceled,False,True,2015-03-05 00:00:00,1247,2015-04-12 00:00:00,38
current,False,False,2015-03-05 00:00:00,607,,
canceled,False,True,2015-02-06 00:00:00,971,2015-02-08 00:00:00,2
canceled,False,True,2015-02-06 00:00:00,251,2015-04-08 00:00:00,61
current,False,False,2015-04-08 00:00:00,251,,
canceled,False,True,2015-02-08 00:00:00,709,2015-03-15 00:00:00,35
canceled,False,True,2015-02-08 00:00:00,564,2015-04-08 00:00:00,59
current,False,False,2015-04-08 00:00:00,564,,
canceled,False,True,2015-02-09 00:00:00,741,2015-02-15 00:00:00,6
current,False,False,2015-02-09 00:00:00,70,,
canceled,False,True,2015-02-09 00:00:00,792,2015-06-16 00:00:00,127
current,False,False,2015-02-09 00:00:00,494,,
canceled,False,True,2014-11-10 00:00:00,494,2014-11-17 00:00:00,7
canceled,False,True,2015-02-09 00:00:00,833,2015-03-03 00:00:00,22
current,False,False,2015-02-09 00:00:00,603,,
current,False,False,2015-02-10 00:00:00,307,,
current,False,False,2015-02-10 00:00:00,337,,
canceled,False,True,2015-02-10 00:00:00,823,2015-04-08 00:00:00,57
canceled,False,True,2015-04-08 00:00:00,823,2015-05-17 00:00:00,39
current,False,False,2015-02-10 00:00:00,30,,
current,False,False,2015-03-05 00:00:00,82,,
current,False,False,2015-03-05 00:00:00,348,,
canceled,False,True,2015-02-05 00:00:00,348,2015-02-27 00:00:00,22
canceled,False,True,2015-03-05 00:00:00,1097,2015-03-11 00:00:00,6
current,False,False,2015-03-06 00:00:00,139,,
canceled,False,True,2015-03-07 00:00:00,1129,2015-03-07 00:00:00,0
canceled,False,True,2015-02-11 00:00:00,1129,2015-02-11 00:00:00,0
canceled,False,True,2014-11-12 00:00:00,185,2015-03-10 00:00:00,118
canceled,False,True,2015-03-10 00:00:00,185,2015-04-01 00:00:00,22
current,False,False,2015-04-01 00:00:00,185,,
current,False,False,2014-11-14 00:00:00,281,,
canceled,False,True,2014-11-14 00:00:00,855,2014-12-21 00:00:00,37
canceled,False,True,2014-11-14 00:00:00,683,2014-11-15 00:00:00,1
canceled,False,True,2014-11-15 00:00:00,1041,2014-11-21 00:00:00,6
canceled,False,True,2014-11-15 00:00:00,908,2014-11-16 00:00:00,1
canceled,False,True,2014-11-16 00:00:00,191,2015-03-10 00:00:00,114
current,False,False,2015-03-10 00:00:00,191,,
canceled,False,True,2014-11-16 00:00:00,261,2015-02-23 00:00:00,99
canceled,False,True,2014-11-16 00:00:00,1017,2014-11-20 00:00:00,4
canceled,False,True,2014-11-16 00:00:00,415,2015-03-10 00:00:00,114
current,False,False,2015-03-10 00:00:00,415,,
canceled,False,True,2014-11-16 00:00:00,868,2014-12-08 00:00:00,22
canceled,False,True,2014-11-16 00:00:00,935,2014-11-23 00:00:00,7
canceled,False,True,2014-11-17 00:00:00,719,2014-11-25 00:00:00,8
canceled,False,True,2014-12-08 00:00:00,974,2014-12-12 00:00:00,4
canceled,False,True,2014-12-09 00:00:00,668,2014-12-15 00:00:00,6
canceled,False,True,2015-01-13 00:00:00,668,2015-01-20 00:00:00,7
canceled,False,True,2014-12-09 00:00:00,1180,2014-12-13 00:00:00,4
canceled,False,True,2014-12-09 00:00:00,1027,2014-12-13 00:00:00,4
canceled,False,True,2014-12-09 00:00:00,836,2015-01-16 00:00:00,38
current,False,False,2015-07-16 00:00:00,836,,
current,False,False,2014-12-30 00:00:00,319,,
canceled,False,True,2015-01-07 00:00:00,108,2015-04-20 00:00:00,103
canceled,False,True,2015-04-20 00:00:00,108,2015-05-14 00:00:00,24
canceled,False,True,2015-01-07 00:00:00,285,2015-03-10 00:00:00,62
current,False,False,2015-03-10 00:00:00,285,,
canceled,False,True,2015-01-07 00:00:00,1008,2015-01-14 00:00:00,7
canceled,False,True,2015-01-07 00:00:00,71,2015-01-13 00:00:00,6
canceled,False,True,2015-02-11 00:00:00,71,2015-02-18 00:00:00,7
current,False,False,2015-04-07 00:00:00,71,,
current,False,False,2015-01-07 00:00:00,1073,,
canceled,False,True,2015-01-07 00:00:00,842,2015-01-09 00:00:00,2
canceled,True,True,2015-01-07 00:00:00,818,2015-01-12 00:00:00,5
current,False,False,2015-01-08 00:00:00,421,,
canceled,False,True,2015-01-08 00:00:00,698,2015-02-15 00:00:00,38
current,False,False,2015-01-08 00:00:00,9,,
canceled,False,True,2015-01-09 00:00:00,144,2015-01-10 00:00:00,1
current,False,False,2015-03-06 00:00:00,144,,
canceled,False,True,2015-01-09 00:00:00,427,2015-06-16 00:00:00,158
canceled,False,True,2015-01-10 00:00:00,1212,2015-02-01 00:00:00,22
canceled,False,True,2015-07-19 00:00:00,1212,2015-07-27 00:00:00,8
canceled,False,True,2015-01-10 00:00:00,1140,2015-02-17 00:00:00,38
current,False,False,2015-01-11 00:00:00,344,,
current,False,False,2015-03-06 00:00:00,517,,
canceled,False,True,2015-03-06 00:00:00,703,2015-03-09 00:00:00,3
canceled,False,True,2015-03-07 00:00:00,505,2015-05-14 00:00:00,68
canceled,False,True,2015-03-08 00:00:00,171,2015-06-15 00:00:00,99
current,False,False,2015-03-10 00:00:00,586,,
current,False,False,2015-03-10 00:00:00,492,,
canceled,False,True,2015-03-10 00:00:00,1102,2015-04-08 00:00:00,29
canceled,False,True,2015-01-08 00:00:00,1102,2015-03-10 00:00:00,61
canceled,False,True,2015-04-08 00:00:00,1102,2015-06-15 00:00:00,68
canceled,False,True,2015-03-10 00:00:00,1287,2015-05-20 00:00:00,71
canceled,False,True,2015-01-13 00:00:00,1287,2015-03-10 00:00:00,56
canceled,False,True,2015-03-10 00:00:00,1254,2015-03-17 00:00:00,7
canceled,False,True,2015-01-10 00:00:00,1254,2015-03-10 00:00:00,59
current,False,False,2015-03-10 00:00:00,1259,,
canceled,False,True,2015-01-13 00:00:00,1259,2015-03-10 00:00:00,56
canceled,False,True,2015-03-11 00:00:00,1128,2015-06-18 00:00:00,99
current,False,False,2015-03-11 00:00:00,149,,
current,False,False,2015-04-01 00:00:00,78,,
canceled,False,True,2014-12-08 00:00:00,78,2015-04-01 00:00:00,114
current,False,False,2015-04-01 00:00:00,558,,
canceled,False,True,2014-12-03 00:00:00,558,2015-04-01 00:00:00,119
canceled,False,True,2015-04-01 00:00:00,153,2015-07-14 00:00:00,104
canceled,False,True,2014-12-07 00:00:00,153,2015-04-01 00:00:00,115
canceled,False,True,2015-04-01 00:00:00,473,2015-04-15 00:00:00,14
canceled,False,True,2014-12-08 00:00:00,473,2015-04-01 00:00:00,114
current,False,False,2015-04-01 00:00:00,246,,
current,False,False,2015-04-01 00:00:00,455,,
canceled,False,True,2015-03-10 00:00:00,1294,2015-03-16 00:00:00,6
canceled,False,True,2015-04-08 00:00:00,1294,2015-04-09 00:00:00,1
current,False,False,2015-03-10 00:00:00,106,,
canceled,False,True,2014-11-11 00:00:00,106,2015-03-10 00:00:00,119
canceled,False,True,2015-03-10 00:00:00,74,2015-04-01 00:00:00,22
canceled,False,True,2015-04-01 00:00:00,74,2015-04-23 00:00:00,22
canceled,False,True,2014-11-15 00:00:00,74,2015-03-10 00:00:00,115
canceled,False,True,2015-03-10 00:00:00,591,2015-04-01 00:00:00,22
current,False,False,2015-04-01 00:00:00,591,,
canceled,False,True,2014-11-12 00:00:00,591,2015-03-10 00:00:00,118
canceled,False,True,2015-03-10 00:00:00,419,2015-08-08 00:00:00,151
canceled,False,True,2014-11-17 00:00:00,419,2015-03-10 00:00:00,113
current,False,False,2015-03-10 00:00:00,31,,
canceled,False,True,2014-11-10 00:00:00,31,2015-03-10 00:00:00,120
canceled,False,True,2015-03-10 00:00:00,69,2015-05-24 00:00:00,75
canceled,False,True,2014-11-17 00:00:00,69,2015-03-10 00:00:00,113
current,False,False,2015-03-10 00:00:00,906,,
canceled,False,True,2014-11-17 00:00:00,906,2015-03-10 00:00:00,113
current,False,False,2015-03-10 00:00:00,601,,
canceled,False,True,2014-11-10 00:00:00,601,2015-03-10 00:00:00,120
canceled,False,True,2015-03-10 00:00:00,321,2015-07-07 00:00:00,119
current,False,False,2015-07-09 00:00:00,321,,
canceled,False,True,2014-11-15 00:00:00,321,2015-03-10 00:00:00,115
canceled,False,True,2015-03-10 00:00:00,99,2015-08-20 00:00:00,163
canceled,False,True,2015-01-13 00:00:00,99,2015-03-10 00:00:00,56
canceled,False,True,2015-03-10 00:00:00,1103,2015-07-20 00:00:00,132
canceled,False,True,2015-01-13 00:00:00,1103,2015-03-10 00:00:00,56
canceled,False,True,2015-03-10 00:00:00,685,2015-03-17 00:00:00,7
canceled,False,True,2015-03-10 00:00:00,1066,2015-05-02 00:00:00,53
canceled,False,True,2015-03-10 00:00:00,659,2015-03-15 00:00:00,5
current,False,False,2015-04-01 00:00:00,571,,
canceled,False,True,2014-12-08 00:00:00,571,2015-04-01 00:00:00,114
canceled,False,True,2015-04-01 00:00:00,426,2015-04-02 00:00:00,1
canceled,False,True,2015-05-07 00:00:00,426,2015-08-14 00:00:00,99
current,False,False,2015-04-02 00:00:00,1267,,
current,False,False,2015-04-02 00:00:00,392,,
canceled,False,True,2015-04-02 00:00:00,98,2015-07-09 00:00:00,98
current,False,False,2015-04-02 00:00:00,578,,
current,False,False,2015-04-02 00:00:00,86,,
current,False,False,2015-04-04 00:00:00,158,,
canceled,False,True,2015-04-04 00:00:00,1193,2015-04-07 00:00:00,3
canceled,False,True,2015-01-11 00:00:00,757,2015-02-18 00:00:00,38
canceled,False,True,2015-01-11 00:00:00,151,2015-04-02 00:00:00,81
current,False,False,2015-01-11 00:00:00,642,,
canceled,False,True,2015-01-12 00:00:00,534,2015-04-19 00:00:00,97
current,False,False,2015-01-12 00:00:00,214,,
canceled,False,True,2015-01-12 00:00:00,597,2015-07-19 00:00:00,188
canceled,False,True,2015-01-12 00:00:00,1242,2015-03-10 00:00:00,57
current,False,False,2015-03-10 00:00:00,1242,,
canceled,False,True,2015-01-12 00:00:00,732,2015-05-19 00:00:00,127
canceled,False,True,2015-01-12 00:00:00,168,2015-01-19 00:00:00,7
canceled,False,True,2015-02-05 00:00:00,168,2015-04-08 00:00:00,62
current,False,False,2015-04-08 00:00:00,168,,
canceled,False,True,2015-01-13 00:00:00,657,2015-03-10 00:00:00,56
canceled,False,True,2015-03-10 00:00:00,657,2015-03-20 00:00:00,10
current,False,False,2014-11-17 00:00:00,152,,
canceled,False,True,2014-12-03 00:00:00,1166,2014-12-10 00:00:00,7
current,False,False,2014-12-03 00:00:00,539,,
canceled,False,True,2014-12-03 00:00:00,1132,2014-12-08 00:00:00,5
canceled,False,True,2014-12-03 00:00:00,959,2014-12-08 00:00:00,5
canceled,False,True,2014-12-03 00:00:00,831,2015-01-10 00:00:00,38
canceled,False,True,2014-12-03 00:00:00,1015,2015-02-03 00:00:00,62
current,False,False,2014-12-05 00:00:00,1251,,
current,False,False,2014-12-05 00:00:00,613,,
canceled,False,True,2014-12-05 00:00:00,1245,2014-12-09 00:00:00,4
canceled,False,True,2014-12-08 00:00:00,611,2015-01-15 00:00:00,38
current,False,False,2014-12-08 00:00:00,453,,
canceled,False,True,2014-12-08 00:00:00,62,2015-07-15 00:00:00,219
current,False,False,2014-12-08 00:00:00,380,,
canceled,False,True,2014-12-08 00:00:00,697,2015-01-15 00:00:00,38
canceled,False,True,2014-12-08 00:00:00,43,2015-03-30 00:00:00,112
current,False,False,2015-04-01 00:00:00,451,,
canceled,False,True,2015-04-02 00:00:00,1037,2015-04-04 00:00:00,2
current,False,False,2015-04-02 00:00:00,625,,
canceled,False,True,2015-04-03 00:00:00,769,2015-04-25 00:00:00,22
canceled,False,True,2015-04-03 00:00:00,1301,2015-04-04 00:00:00,1
canceled,False,True,2015-04-03 00:00:00,1123,2015-05-10 00:00:00,37
current,False,False,2015-04-05 00:00:00,1154,,
canceled,False,True,2015-04-06 00:00:00,853,2015-04-06 00:00:00,0
current,False,False,2015-07-17 00:00:00,853,,
canceled,False,True,2015-04-06 00:00:00,918,2015-05-28 00:00:00,52
canceled,False,True,2015-04-06 00:00:00,1248,2015-05-13 00:00:00,37
canceled,False,True,2015-04-07 00:00:00,1189,2015-05-14 00:00:00,37
canceled,False,True,2015-04-07 00:00:00,1285,2015-05-14 00:00:00,37
canceled,False,True,2015-04-07 00:00:00,1296,2015-04-14 00:00:00,7
canceled,False,True,2015-04-15 00:00:00,1296,2015-04-15 00:00:00,0
canceled,False,True,2015-04-06 00:00:00,1296,2015-04-07 00:00:00,1
canceled,False,True,2015-04-07 00:00:00,844,2015-04-16 00:00:00,9
canceled,False,True,2015-05-06 00:00:00,844,2015-05-12 00:00:00,6
current,False,False,2015-04-08 00:00:00,690,,
canceled,False,True,2015-02-05 00:00:00,690,2015-04-08 00:00:00,62
current,False,False,2015-04-06 00:00:00,424,,
canceled,False,True,2015-04-06 00:00:00,926,2015-04-06 00:00:00,0
current,False,False,2015-04-07 00:00:00,379,,
canceled,False,True,2015-01-12 00:00:00,379,2015-01-12 00:00:00,0
canceled,False,True,2015-04-07 00:00:00,1138,2015-04-12 00:00:00,5
canceled,False,True,2015-04-07 00:00:00,641,2015-06-14 00:00:00,68
canceled,False,True,2014-12-09 00:00:00,641,2014-12-15 00:00:00,6
canceled,False,True,2015-04-07 00:00:00,404,2015-04-08 00:00:00,1
canceled,False,True,2015-04-08 00:00:00,404,2015-08-17 00:00:00,131
canceled,False,True,2015-04-07 00:00:00,105,2015-05-14 00:00:00,37
current,False,False,2015-04-08 00:00:00,395,,
current,False,False,2015-04-08 00:00:00,1299,,
canceled,False,True,2015-02-05 00:00:00,1299,2015-04-08 00:00:00,62
current,False,False,2015-04-08 00:00:00,589,,
canceled,False,True,2015-02-05 00:00:00,589,2015-04-08 00:00:00,62
canceled,False,True,2015-04-08 00:00:00,793,2015-04-17 00:00:00,9
canceled,False,True,2015-02-10 00:00:00,793,2015-04-08 00:00:00,57
current,False,False,2015-04-08 00:00:00,433,,
canceled,False,True,2015-04-08 00:00:00,677,2015-04-14 00:00:00,6
canceled,False,True,2015-04-09 00:00:00,243,2015-04-15 00:00:00,6
canceled,False,True,2014-11-16 00:00:00,243,2015-01-23 00:00:00,68
current,False,False,2015-04-09 00:00:00,555,,
canceled,False,True,2015-04-10 00:00:00,1104,2015-04-17 00:00:00,7
current,False,False,2015-04-13 00:00:00,676,,
current,False,False,2015-04-24 00:00:00,127,,
current,False,False,2015-04-24 00:00:00,201,,
current,False,False,2015-04-24 00:00:00,396,,
current,False,False,2015-04-24 00:00:00,267,,
current,False,False,2015-04-24 00:00:00,240,,
canceled,False,True,2015-05-06 00:00:00,894,2015-05-12 00:00:00,6
current,False,False,2015-05-06 00:00:00,647,,
canceled,False,True,2015-05-06 00:00:00,1163,2015-06-13 00:00:00,38
canceled,False,True,2015-05-06 00:00:00,948,2015-06-22 00:00:00,47
canceled,False,True,2015-05-07 00:00:00,1202,2015-06-14 00:00:00,38
current,False,False,2015-05-07 00:00:00,559,,
current,False,False,2015-05-08 00:00:00,476,,
canceled,False,True,2015-05-08 00:00:00,970,2015-05-14 00:00:00,6
canceled,False,True,2015-07-17 00:00:00,970,2015-07-23 00:00:00,6
canceled,False,True,2015-05-08 00:00:00,711,2015-05-08 00:00:00,0
canceled,False,True,2014-12-09 00:00:00,790,2014-12-15 00:00:00,6
canceled,False,True,2014-12-09 00:00:00,867,2014-12-31 00:00:00,22
canceled,False,True,2014-12-09 00:00:00,516,2014-12-11 00:00:00,2
current,False,False,2015-05-11 00:00:00,516,,
canceled,False,True,2015-01-07 00:00:00,1292,2015-05-14 00:00:00,127
current,False,False,2015-01-07 00:00:00,77,,
current,False,False,2015-01-07 00:00:00,56,,
canceled,False,True,2015-01-07 00:00:00,93,2015-04-14 00:00:00,97
current,False,False,2015-01-07 00:00:00,207,,
current,False,False,2015-01-07 00:00:00,103,,
canceled,False,True,2015-01-07 00:00:00,460,2015-05-05 00:00:00,118
current,False,False,2015-05-07 00:00:00,460,,
canceled,False,True,2015-01-07 00:00:00,610,2015-03-14 00:00:00,66
current,False,False,2015-01-07 00:00:00,446,,
current,False,False,2015-01-08 00:00:00,232,,
canceled,False,True,2015-01-08 00:00:00,670,2015-04-15 00:00:00,97
canceled,False,True,2015-01-08 00:00:00,1134,2015-01-09 00:00:00,1
current,False,False,2015-01-08 00:00:00,515,,
canceled,False,True,2015-01-08 00:00:00,803,2015-01-08 00:00:00,0
canceled,False,True,2015-01-09 00:00:00,1141,2015-01-15 00:00:00,6
current,False,False,2015-01-10 00:00:00,59,,
canceled,False,True,2015-01-10 00:00:00,900,2015-02-17 00:00:00,38
current,False,False,2015-05-11 00:00:00,900,,
canceled,False,True,2015-01-11 00:00:00,774,2015-01-15 00:00:00,4
canceled,False,True,2015-01-11 00:00:00,1053,2015-03-18 00:00:00,66
current,False,False,2015-01-11 00:00:00,357,,
canceled,False,True,2015-01-11 00:00:00,934,2015-02-18 00:00:00,38
canceled,False,True,2015-02-05 00:00:00,746,2015-03-12 00:00:00,35
canceled,False,True,2015-02-05 00:00:00,279,2015-04-08 00:00:00,62
current,False,False,2015-04-08 00:00:00,279,,
canceled,False,True,2015-02-05 00:00:00,136,2015-04-08 00:00:00,62
current,False,False,2015-04-08 00:00:00,136,,
canceled,False,True,2015-02-05 00:00:00,1092,2015-02-09 00:00:00,4
canceled,False,True,2015-02-06 00:00:00,799,2015-02-06 00:00:00,0
canceled,False,True,2015-02-06 00:00:00,1042,2015-02-28 00:00:00,22
canceled,False,True,2015-05-28 00:00:00,1042,2015-06-19 00:00:00,22
canceled,False,True,2015-02-06 00:00:00,789,2015-02-06 00:00:00,0
canceled,False,True,2015-02-06 00:00:00,413,2015-05-13 00:00:00,96
canceled,False,True,2015-02-07 00:00:00,738,2015-02-13 00:00:00,6
canceled,False,True,2015-02-08 00:00:00,306,2015-04-08 00:00:00,59
current,False,False,2015-04-08 00:00:00,306,,
current,False,False,2015-02-08 00:00:00,436,,
current,False,False,2015-02-08 00:00:00,35,,
current,False,False,2015-02-09 00:00:00,463,,
canceled,False,True,2015-02-09 00:00:00,1105,2015-02-13 00:00:00,4
canceled,False,True,2015-02-09 00:00:00,284,2015-04-08 00:00:00,58
current,False,False,2015-04-08 00:00:00,284,,
canceled,False,True,2015-02-09 00:00:00,521,2015-04-08 00:00:00,58
canceled,False,True,2015-04-08 00:00:00,521,2015-07-16 00:00:00,99
canceled,False,True,2015-02-09 00:00:00,1229,2015-02-12 00:00:00,3
canceled,False,True,2015-02-10 00:00:00,1049,2015-03-04 00:00:00,22
canceled,False,True,2015-02-11 00:00:00,1198,2015-02-15 00:00:00,4
canceled,False,True,2015-03-04 00:00:00,1198,2015-04-11 00:00:00,38
canceled,False,True,2015-03-04 00:00:00,720,2015-04-11 00:00:00,38
current,False,False,2015-03-04 00:00:00,239,,
canceled,False,True,2015-03-04 00:00:00,819,2015-03-04 00:00:00,0
canceled,False,True,2015-03-04 00:00:00,819,2015-03-04 00:00:00,0
canceled,False,True,2015-03-04 00:00:00,958,2015-06-07 00:00:00,95
canceled,False,True,2015-05-08 00:00:00,718,2015-06-19 00:00:00,42
current,False,False,2015-05-09 00:00:00,475,,
current,False,False,2015-05-10 00:00:00,276,,
current,False,False,2015-05-10 00:00:00,608,,
canceled,False,True,2015-05-10 00:00:00,293,2015-08-17 00:00:00,99
current,False,False,2015-05-10 00:00:00,341,,
current,False,False,2015-05-11 00:00:00,501,,
canceled,False,True,2015-05-12 00:00:00,858,2015-07-19 00:00:00,68
canceled,False,True,2015-05-12 00:00:00,713,2015-07-04 00:00:00,53
canceled,False,True,2015-05-12 00:00:00,1040,2015-06-19 00:00:00,38
canceled,False,True,2014-11-11 00:00:00,1040,2014-11-17 00:00:00,6
canceled,False,True,2015-05-12 00:00:00,1305,2015-06-19 00:00:00,38
canceled,False,True,2015-05-12 00:00:00,1091,2015-05-18 00:00:00,6
canceled,False,True,2015-05-12 00:00:00,1192,2015-05-17 00:00:00,5
current,False,False,2015-05-12 00:00:00,25,,
canceled,False,True,2014-11-11 00:00:00,25,2015-02-18 00:00:00,99
current,False,False,2015-05-12 00:00:00,674,,
canceled,False,True,2015-05-13 00:00:00,734,2015-05-17 00:00:00,4
canceled,False,True,2015-05-13 00:00:00,988,2015-07-20 00:00:00,68
current,False,False,2015-05-13 00:00:00,771,,
canceled,False,True,2014-12-09 00:00:00,771,2014-12-15 00:00:00,6
canceled,False,True,2015-05-13 00:00:00,1016,2015-05-19 00:00:00,6
canceled,False,True,2015-05-13 00:00:00,877,2015-06-04 00:00:00,22
current,False,False,2015-05-28 00:00:00,63,,
current,False,False,2015-05-28 00:00:00,481,,
canceled,False,True,2015-05-29 00:00:00,902,2015-05-29 00:00:00,0
canceled,False,True,2015-05-29 00:00:00,996,2015-05-29 00:00:00,0
current,False,False,2015-05-30 00:00:00,42,,
canceled,False,True,2015-03-04 00:00:00,42,2015-05-11 00:00:00,68
current,False,False,2015-04-24 00:00:00,939,,
current,False,False,2015-04-24 00:00:00,11,,
current,False,False,2015-04-24 00:00:00,262,,
current,False,False,2015-04-24 00:00:00,167,,
current,False,False,2015-04-24 00:00:00,302,,
current,False,False,2015-04-24 00:00:00,551,,
current,False,False,2015-04-24 00:00:00,609,,
current,False,False,2015-05-06 00:00:00,109,,
current,False,False,2015-05-06 00:00:00,211,,
current,False,False,2015-05-06 00:00:00,274,,
canceled,False,True,2015-05-06 00:00:00,704,2015-07-13 00:00:00,68
canceled,False,True,2015-05-06 00:00:00,407,2015-08-13 00:00:00,99
current,False,False,2015-05-06 00:00:00,360,,
current,False,False,2015-05-08 00:00:00,540,,
current,False,False,2015-05-08 00:00:00,1173,,
canceled,False,True,2015-05-08 00:00:00,886,2015-05-13 00:00:00,5
current,False,False,2015-05-08 00:00:00,112,,
current,False,False,2015-05-09 00:00:00,479,,
canceled,False,True,2015-05-09 00:00:00,1275,2015-05-11 00:00:00,2
current,False,False,2015-05-10 00:00:00,237,,
current,False,False,2015-05-10 00:00:00,487,,
current,False,False,2015-05-10 00:00:00,304,,
current,False,False,2015-05-10 00:00:00,330,,
current,False,False,2015-05-11 00:00:00,1250,,
current,False,False,2015-05-11 00:00:00,27,,
canceled,False,True,2015-05-11 00:00:00,1064,2015-05-12 00:00:00,1
canceled,False,True,2015-05-11 00:00:00,714,2015-05-14 00:00:00,3
canceled,False,True,2015-07-09 00:00:00,714,2015-07-12 00:00:00,3
current,False,False,2015-05-11 00:00:00,260,,
current,False,False,2015-05-11 00:00:00,511,,
canceled,False,True,2015-05-12 00:00:00,1029,2015-07-04 00:00:00,53
current,False,False,2015-05-12 00:00:00,399,,
current,False,False,2015-05-12 00:00:00,977,,
current,False,False,2015-05-12 00:00:00,556,,
current,False,False,2015-05-12 00:00:00,1265,,
canceled,False,True,2015-04-08 00:00:00,1265,2015-04-14 00:00:00,6
current,False,False,2015-05-12 00:00:00,252,,
canceled,False,True,2015-01-12 00:00:00,1213,2015-01-12 00:00:00,0
canceled,False,True,2015-01-12 00:00:00,991,2015-01-18 00:00:00,6
canceled,False,True,2015-01-12 00:00:00,733,2015-01-12 00:00:00,0
canceled,False,True,2015-01-12 00:00:00,1240,2015-01-19 00:00:00,7
canceled,False,True,2015-01-13 00:00:00,1195,2015-01-16 00:00:00,3
canceled,False,True,2015-01-13 00:00:00,945,2015-01-17 00:00:00,4
current,False,False,2015-02-05 00:00:00,100,,
current,False,False,2015-02-05 00:00:00,313,,
canceled,False,True,2015-02-05 00:00:00,465,2015-08-12 00:00:00,188
current,False,False,2015-03-05 00:00:00,615,,
current,False,False,2015-03-06 00:00:00,372,,
current,False,False,2015-03-06 00:00:00,614,,
canceled,False,True,2015-03-06 00:00:00,1045,2015-03-12 00:00:00,6
canceled,False,True,2015-03-08 00:00:00,208,2015-06-15 00:00:00,99
canceled,False,True,2015-03-10 00:00:00,944,2015-03-12 00:00:00,2
current,False,False,2015-03-10 00:00:00,652,,
canceled,False,True,2015-03-10 00:00:00,1168,2015-03-16 00:00:00,6
canceled,False,True,2015-03-11 00:00:00,1260,2015-05-18 00:00:00,68
canceled,False,True,2015-03-11 00:00:00,1194,2015-07-08 00:00:00,119
canceled,False,True,2015-05-13 00:00:00,361,2015-06-20 00:00:00,38
current,False,False,2015-05-13 00:00:00,1185,,
current,False,False,2015-05-13 00:00:00,490,,
current,False,False,2015-05-13 00:00:00,365,,
canceled,False,True,2015-05-28 00:00:00,1237,2015-05-28 00:00:00,0
current,False,False,2015-05-29 00:00:00,220,,
canceled,False,True,2015-04-07 00:00:00,220,2015-05-29 00:00:00,52
current,False,False,2015-05-31 00:00:00,124,,
canceled,True,True,2015-06-01 00:00:00,1069,2015-06-01 00:00:00,0
canceled,False,True,2015-06-02 00:00:00,814,2015-06-07 00:00:00,5
current,False,False,2015-06-03 00:00:00,496,,
current,False,False,2015-06-04 00:00:00,405,,
canceled,False,True,2015-06-03 00:00:00,405,2015-06-04 00:00:00,1
current,False,False,2015-06-04 00:00:00,452,,
current,False,False,2015-06-05 00:00:00,318,,
current,False,False,2015-06-06 00:00:00,266,,
current,False,False,2015-06-06 00:00:00,219,,
current,False,False,2015-06-06 00:00:00,83,,
canceled,False,True,2015-06-07 00:00:00,1266,2015-06-16 00:00:00,9
current,False,False,2015-06-07 00:00:00,121,,
canceled,False,True,2015-06-08 00:00:00,679,2015-06-13 00:00:00,5
current,False,False,2015-06-08 00:00:00,459,,
canceled,False,True,2015-06-08 00:00:00,735,2015-06-09 00:00:00,1
canceled,False,True,2015-04-14 00:00:00,735,2015-05-21 00:00:00,37
current,False,False,2015-06-08 00:00:00,1032,,
canceled,False,True,2015-06-08 00:00:00,1093,2015-06-11 00:00:00,3
current,False,False,2015-06-08 00:00:00,128,,
canceled,False,True,2015-06-09 00:00:00,978,2015-06-14 00:00:00,5
current,False,False,2015-06-09 00:00:00,1031,,
current,False,False,2015-06-01 00:00:00,673,,
canceled,False,True,2015-06-02 00:00:00,663,2015-06-09 00:00:00,7
canceled,False,True,2015-06-09 00:00:00,663,2015-06-15 00:00:00,6
current,False,False,2015-06-02 00:00:00,843,,
current,False,False,2015-06-02 00:00:00,216,,
canceled,False,True,2015-06-03 00:00:00,731,2015-06-07 00:00:00,4
current,False,False,2015-06-07 00:00:00,554,,
canceled,False,True,2015-06-08 00:00:00,1183,2015-06-30 00:00:00,22
canceled,False,True,2015-07-17 00:00:00,1183,2015-08-08 00:00:00,22
canceled,False,True,2015-05-11 00:00:00,1183,2015-06-02 00:00:00,22
current,False,False,2015-06-08 00:00:00,133,,
current,False,False,2015-06-08 00:00:00,887,,
current,False,False,2015-06-09 00:00:00,248,,
current,False,False,2015-06-09 00:00:00,629,,
current,False,False,2015-06-09 00:00:00,478,,
canceled,False,True,2015-06-09 00:00:00,804,2015-07-16 00:00:00,37
canceled,False,True,2015-06-09 00:00:00,721,2015-06-16 00:00:00,7
canceled,False,True,2015-07-09 00:00:00,721,2015-07-15 00:00:00,6
canceled,False,True,2015-06-09 00:00:00,1086,2015-06-09 00:00:00,0
canceled,False,True,2015-07-08 00:00:00,951,2015-07-11 00:00:00,3
canceled,False,True,2015-07-08 00:00:00,1096,2015-07-15 00:00:00,7
current,False,False,2015-07-15 00:00:00,1096,,
current,False,False,2015-07-09 00:00:00,163,,
canceled,False,True,2015-07-10 00:00:00,1169,2015-07-17 00:00:00,7
canceled,False,True,2015-07-10 00:00:00,1126,2015-07-15 00:00:00,5
canceled,False,True,2015-07-11 00:00:00,813,2015-07-17 00:00:00,6
canceled,False,True,2015-02-05 00:00:00,1208,2015-03-13 00:00:00,36
canceled,False,True,2015-02-06 00:00:00,1207,2015-02-28 00:00:00,22
canceled,False,True,2015-02-06 00:00:00,602,2015-08-13 00:00:00,188
canceled,False,True,2015-02-06 00:00:00,1153,2015-03-13 00:00:00,35
current,False,False,2015-02-06 00:00:00,605,,
canceled,False,True,2015-02-07 00:00:00,1210,2015-03-14 00:00:00,35
canceled,False,True,2015-02-08 00:00:00,916,2015-04-15 00:00:00,66
current,False,False,2015-02-09 00:00:00,381,,
canceled,False,True,2015-02-09 00:00:00,666,2015-04-16 00:00:00,66
current,False,False,2015-02-11 00:00:00,26,,
current,False,False,2015-03-04 00:00:00,508,,
current,False,False,2015-03-05 00:00:00,509,,
canceled,False,True,2015-03-05 00:00:00,753,2015-04-12 00:00:00,38
canceled,False,True,2015-03-06 00:00:00,1190,2015-03-06 00:00:00,0
canceled,False,True,2015-03-07 00:00:00,141,2015-05-14 00:00:00,68
current,False,False,2015-03-09 00:00:00,432,,
current,False,False,2015-03-09 00:00:00,375,,
current,False,False,2015-04-01 00:00:00,183,,
current,False,False,2015-04-01 00:00:00,400,,
current,False,False,2015-04-01 00:00:00,585,,
current,False,False,2015-04-01 00:00:00,13,,
current,False,False,2015-04-01 00:00:00,205,,
canceled,False,True,2015-04-02 00:00:00,914,2015-04-02 00:00:00,0
canceled,False,True,2015-07-17 00:00:00,914,2015-07-17 00:00:00,0
current,False,False,2015-04-02 00:00:00,593,,
current,False,False,2015-04-02 00:00:00,437,,
current,False,False,2015-04-02 00:00:00,468,,
canceled,False,True,2015-04-03 00:00:00,729,2015-04-25 00:00:00,22
current,False,False,2015-04-03 00:00:00,22,,
current,False,False,2015-04-03 00:00:00,449,,
current,False,False,2015-04-03 00:00:00,482,,
current,False,False,2015-04-03 00:00:00,349,,
canceled,False,True,2015-04-05 00:00:00,994,2015-04-06 00:00:00,1
canceled,False,True,2015-04-06 00:00:00,1089,2015-05-13 00:00:00,37
canceled,False,True,2015-04-06 00:00:00,651,2015-06-13 00:00:00,68
canceled,False,True,2015-04-07 00:00:00,1054,2015-08-14 00:00:00,129
canceled,False,True,2015-04-07 00:00:00,289,2015-07-14 00:00:00,98
canceled,False,True,2015-04-07 00:00:00,796,2015-04-16 00:00:00,9
current,False,False,2015-04-10 00:00:00,104,,
current,False,False,2015-07-08 00:00:00,286,,
current,False,False,2015-07-09 00:00:00,812,,
current,False,False,2015-07-09 00:00:00,462,,
current,False,False,2015-07-09 00:00:00,1001,,
current,False,False,2015-07-14 00:00:00,213,,
current,False,False,2015-07-15 00:00:00,359,,
canceled,False,True,2015-07-16 00:00:00,915,2015-07-22 00:00:00,6
current,False,False,2015-07-17 00:00:00,21,,
current,False,False,2015-07-17 00:00:00,633,,
canceled,False,True,2015-07-17 00:00:00,1279,2015-07-22 00:00:00,5
canceled,False,True,2015-07-17 00:00:00,1279,2015-07-17 00:00:00,0
canceled,False,True,2015-07-17 00:00:00,1179,2015-07-22 00:00:00,5
canceled,False,True,2015-07-17 00:00:00,1205,2015-08-05 00:00:00,19
canceled,False,True,2015-07-18 00:00:00,850,2015-07-22 00:00:00,4
canceled,False,True,2015-07-18 00:00:00,1256,2015-07-24 00:00:00,6
current,False,False,2015-07-18 00:00:00,1014,,
canceled,False,True,2015-07-15 00:00:00,1258,2015-07-21 00:00:00,6
current,False,False,2015-07-15 00:00:00,40,,
current,False,False,2015-07-16 00:00:00,1216,,
current,False,False,2015-07-16 00:00:00,1131,,
current,False,False,2015-07-16 00:00:00,1150,,
current,False,False,2015-07-16 00:00:00,403,,
current,False,False,2015-07-17 00:00:00,773,,
canceled,False,True,2015-07-17 00:00:00,968,2015-07-17 00:00:00,0
canceled,False,True,2015-07-17 00:00:00,662,2015-07-21 00:00:00,4
canceled,False,True,2015-07-17 00:00:00,1155,2015-07-17 00:00:00,0
canceled,False,True,2015-07-18 00:00:00,856,2015-08-09 00:00:00,22
canceled,False,True,2015-08-11 00:00:00,848,2015-08-14 00:00:00,3
canceled,False,True,2015-03-06 00:00:00,848,2015-03-11 00:00:00,5
current,False,False,2015-03-10 00:00:00,305,,
canceled,False,True,2015-03-10 00:00:00,768,2015-03-11 00:00:00,1
current,False,False,2015-03-10 00:00:00,485,,
current,False,False,2015-04-01 00:00:00,464,,
current,False,False,2015-04-01 00:00:00,340,,
canceled,False,True,2015-04-01 00:00:00,788,2015-04-06 00:00:00,5
current,False,False,2015-04-01 00:00:00,75,,
canceled,False,True,2015-04-02 00:00:00,786,2015-05-09 00:00:00,37
current,False,False,2015-04-02 00:00:00,1072,,
current,False,False,2015-04-02 00:00:00,588,,
current,False,False,2015-04-02 00:00:00,291,,
canceled,False,True,2015-04-02 00:00:00,1264,2015-06-09 00:00:00,68
canceled,False,True,2015-04-03 00:00:00,830,2015-04-06 00:00:00,3
canceled,False,True,2015-04-03 00:00:00,1088,2015-04-25 00:00:00,22
canceled,False,True,2015-04-03 00:00:00,723,2015-04-06 00:00:00,3
current,False,False,2015-04-24 00:00:00,536,,
current,False,False,2015-04-24 00:00:00,107,,
current,False,False,2015-04-24 00:00:00,353,,
current,False,False,2015-04-24 00:00:00,146,,
current,False,False,2015-05-06 00:00:00,466,,
canceled,False,True,2015-05-06 00:00:00,811,2015-06-13 00:00:00,38
canceled,False,True,2015-05-06 00:00:00,825,2015-05-06 00:00:00,0
canceled,False,True,2015-05-09 00:00:00,825,2015-06-16 00:00:00,38
current,False,False,2015-05-07 00:00:00,484,,
canceled,False,True,2015-05-08 00:00:00,1055,2015-07-15 00:00:00,68
current,False,False,2015-05-09 00:00:00,192,,
canceled,False,True,2015-05-10 00:00:00,766,2015-05-10 00:00:00,0
current,False,False,2015-05-11 00:00:00,398,,
canceled,False,True,2015-05-11 00:00:00,1215,2015-07-18 00:00:00,68
current,False,False,2015-05-11 00:00:00,20,,
canceled,False,True,2015-05-11 00:00:00,1030,2015-07-18 00:00:00,68
canceled,False,True,2015-05-11 00:00:00,955,2015-08-18 00:00:00,99
canceled,False,True,2015-05-11 00:00:00,995,2015-05-18 00:00:00,7
current,False,False,2015-05-12 00:00:00,200,,
current,False,False,2015-05-12 00:00:00,665,,
canceled,False,True,2015-05-12 00:00:00,815,2015-05-18 00:00:00,6
current,False,False,2015-08-16 00:00:00,1263,,
current,False,False,2015-08-18 00:00:00,1136,,
current,False,False,2015-08-18 00:00:00,1144,,
current,False,False,2015-08-19 00:00:00,142,,
canceled,False,True,2015-01-12 00:00:00,142,2015-08-03 00:00:00,203
current,False,False,2015-08-19 00:00:00,1228,,
current,False,False,2015-08-21 00:00:00,967,,
current,False,False,2015-08-21 00:00:00,754,,
current,False,False,2015-08-22 00:00:00,851,,
current,False,False,2015-08-23 00:00:00,990,,
canceled,False,True,2015-07-19 00:00:00,1039,2015-07-19 00:00:00,0
canceled,False,True,2015-08-12 00:00:00,1039,2015-08-16 00:00:00,4
current,False,False,2015-07-19 00:00:00,950,,
current,False,False,2015-07-20 00:00:00,1087,,
canceled,False,True,2015-07-20 00:00:00,1018,2015-07-26 00:00:00,6
canceled,False,True,2015-08-11 00:00:00,993,2015-08-17 00:00:00,6
canceled,False,True,2015-08-11 00:00:00,699,2015-08-18 00:00:00,7
current,False,False,2015-08-13 00:00:00,940,,
canceled,False,True,2015-07-17 00:00:00,940,2015-07-23 00:00:00,6
canceled,False,True,2015-08-14 00:00:00,1162,2015-08-19 00:00:00,5
current,False,False,2015-08-15 00:00:00,986,,
current,False,False,2015-08-17 00:00:00,784,,
current,False,False,2015-08-18 00:00:00,893,,
current,False,False,2015-08-21 00:00:00,840,,
current,False,False,2015-08-23 00:00:00,975,,
canceled,False,True,2015-04-04 00:00:00,1038,2015-04-26 00:00:00,22
canceled,False,True,2015-04-05 00:00:00,739,2015-04-05 00:00:00,0
canceled,False,True,2015-04-05 00:00:00,1046,2015-04-07 00:00:00,2
canceled,False,True,2015-04-05 00:00:00,1170,2015-07-12 00:00:00,98
canceled,False,True,2015-04-06 00:00:00,1268,2015-05-28 00:00:00,52
canceled,False,True,2015-04-07 00:00:00,706,2015-07-14 00:00:00,98
canceled,False,True,2015-04-07 00:00:00,1222,2015-04-07 00:00:00,0
canceled,False,True,2015-04-07 00:00:00,936,2015-04-12 00:00:00,5
current,False,False,2015-04-07 00:00:00,632,,
canceled,False,True,2015-04-08 00:00:00,606,2015-06-15 00:00:00,68
current,False,False,2015-04-08 00:00:00,117,,
canceled,False,True,2015-04-10 00:00:00,863,2015-04-12 00:00:00,2
current,False,False,2015-04-24 00:00:00,94,,
current,False,False,2015-04-24 00:00:00,299,,
current,False,False,2015-04-24 00:00:00,574,,
current,False,False,2015-04-24 00:00:00,212,,
current,False,False,2015-04-24 00:00:00,401,,
current,False,False,2015-04-24 00:00:00,387,,
current,False,False,2015-05-06 00:00:00,1113,,
current,False,False,2015-05-06 00:00:00,382,,
current,False,False,2015-05-06 00:00:00,8,,
current,False,False,2015-05-06 00:00:00,1,,
current,False,False,2015-05-12 00:00:00,184,,
current,False,False,2015-05-12 00:00:00,61,,
canceled,False,True,2015-05-12 00:00:00,669,2015-07-19 00:00:00,68
current,False,False,2015-05-12 00:00:00,596,,
current,False,False,2015-05-12 00:00:00,7,,
current,False,False,2015-05-13 00:00:00,41,,
current,False,False,2015-05-28 00:00:00,513,,
current,False,False,2015-05-28 00:00:00,545,,
current,False,False,2015-05-28 00:00:00,572,,
current,False,False,2015-05-30 00:00:00,199,,
canceled,False,True,2015-05-31 00:00:00,1125,2015-05-31 00:00:00,0
canceled,False,True,2015-06-02 00:00:00,569,2015-08-09 00:00:00,68
current,False,False,2015-06-03 00:00:00,14,,
current,False,False,2015-06-04 00:00:00,646,,
canceled,False,True,2015-06-05 00:00:00,708,2015-06-05 00:00:00,0
canceled,False,True,2015-06-05 00:00:00,708,2015-06-10 00:00:00,5
current,False,False,2015-06-05 00:00:00,6,,
current,False,False,2015-06-06 00:00:00,619,,
canceled,False,True,2015-06-06 00:00:00,912,2015-08-13 00:00:00,68
current,False,False,2015-06-07 00:00:00,456,,
canceled,False,True,2015-06-07 00:00:00,1025,2015-06-07 00:00:00,0
current,False,False,2015-06-07 00:00:00,80,,
canceled,False,True,2015-06-08 00:00:00,763,2015-06-14 00:00:00,6
current,False,False,2015-05-06 00:00:00,116,,
current,False,False,2015-05-07 00:00:00,89,,
current,False,False,2015-05-07 00:00:00,471,,
current,False,False,2015-05-07 00:00:00,1002,,
current,False,False,2015-05-09 00:00:00,154,,
current,False,False,2015-05-09 00:00:00,58,,
current,False,False,2015-05-10 00:00:00,406,,
canceled,False,True,2015-05-10 00:00:00,1062,2015-06-17 00:00:00,38
current,False,False,2015-05-10 00:00:00,1282,,
current,False,False,2015-05-11 00:00:00,162,,
current,False,False,2015-05-11 00:00:00,242,,
current,False,False,2015-05-11 00:00:00,235,,
current,False,False,2015-05-11 00:00:00,928,,
current,False,False,2015-05-11 00:00:00,1151,,
current,False,False,2015-05-12 00:00:00,249,,
current,False,False,2015-05-12 00:00:00,621,,
current,False,False,2015-05-12 00:00:00,656,,
current,False,False,2015-05-12 00:00:00,497,,
current,False,False,2015-05-28 00:00:00,73,,
canceled,False,True,2015-05-29 00:00:00,1184,2015-06-04 00:00:00,6
current,False,False,2015-05-30 00:00:00,290,,
current,False,False,2015-06-02 00:00:00,1290,,
current,False,False,2015-06-04 00:00:00,294,,
canceled,False,True,2015-06-05 00:00:00,826,2015-06-09 00:00:00,4
canceled,False,True,2015-06-06 00:00:00,750,2015-06-06 00:00:00,0
current,False,False,2015-06-07 00:00:00,573,,
current,False,False,2015-06-08 00:00:00,1081,,
canceled,False,True,2015-06-08 00:00:00,956,2015-08-15 00:00:00,68
canceled,False,True,2015-06-09 00:00:00,1172,2015-06-10 00:00:00,1
current,False,False,2015-06-09 00:00:00,1036,,
canceled,False,True,2015-07-08 00:00:00,1084,2015-07-15 00:00:00,7
canceled,False,True,2015-07-08 00:00:00,827,2015-07-12 00:00:00,4
current,False,False,2015-07-08 00:00:00,271,,
current,False,False,2015-07-09 00:00:00,317,,
current,False,False,2015-07-09 00:00:00,1257,,
current,False,False,2015-07-09 00:00:00,326,,
canceled,False,True,2015-07-13 00:00:00,783,2015-07-19 00:00:00,6
current,False,False,2015-06-08 00:00:00,748,,
canceled,False,True,2015-06-08 00:00:00,777,2015-08-15 00:00:00,68
canceled,False,True,2015-06-08 00:00:00,910,2015-06-15 00:00:00,7
current,False,False,2015-06-08 00:00:00,296,,
current,False,False,2015-06-09 00:00:00,628,,
current,False,False,2015-06-09 00:00:00,1262,,
current,False,False,2015-07-08 00:00:00,531,,
canceled,False,True,2015-07-08 00:00:00,947,2015-07-13 00:00:00,5
current,False,False,2015-07-09 00:00:00,1209,,
current,False,False,2015-07-09 00:00:00,498,,
canceled,False,True,2015-07-09 00:00:00,1197,2015-07-11 00:00:00,2
current,False,False,2015-07-10 00:00:00,430,,
current,False,False,2015-07-10 00:00:00,694,,
current,False,False,2015-07-13 00:00:00,238,,
current,False,False,2015-07-16 00:00:00,48,,
current,False,False,2015-07-16 00:00:00,47,,
current,False,False,2015-07-16 00:00:00,29,,
current,False,False,2015-07-16 00:00:00,885,,
current,False,False,2015-07-16 00:00:00,164,,
current,False,False,2015-07-17 00:00:00,1080,,
canceled,False,True,2015-01-12 00:00:00,402,2015-03-10 00:00:00,57
current,False,False,2015-03-10 00:00:00,402,,
canceled,False,True,2015-01-12 00:00:00,15,2015-01-17 00:00:00,5
canceled,False,True,2015-03-04 00:00:00,15,2015-08-11 00:00:00,160
current,False,False,2015-01-12 00:00:00,87,,
canceled,False,True,2015-01-12 00:00:00,724,2015-01-18 00:00:00,6
canceled,False,True,2015-02-05 00:00:00,134,2015-06-12 00:00:00,127
canceled,False,True,2015-02-06 00:00:00,1033,2015-08-13 00:00:00,188
current,False,False,2015-07-17 00:00:00,782,,
current,False,False,2015-07-17 00:00:00,979,,
canceled,False,True,2015-07-17 00:00:00,849,2015-07-19 00:00:00,2
canceled,False,True,2015-07-18 00:00:00,898,2015-07-24 00:00:00,6
current,False,False,2015-07-18 00:00:00,1302,,
canceled,False,True,2015-07-18 00:00:00,879,2015-07-24 00:00:00,6
current,False,False,2015-07-20 00:00:00,687,,
current,False,False,2015-08-11 00:00:00,924,,
current,False,False,2015-08-11 00:00:00,946,,
canceled,False,True,2015-08-11 00:00:00,889,2015-08-11 00:00:00,0
current,False,False,2015-08-11 00:00:00,805,,
current,False,False,2015-08-14 00:00:00,552,,
current,False,False,2015-08-21 00:00:00,1028,,
canceled,False,True,2015-07-15 00:00:00,1034,2015-07-20 00:00:00,5
canceled,False,True,2015-07-16 00:00:00,1159,2015-07-21 00:00:00,5
canceled,False,True,2015-07-16 00:00:00,1003,2015-07-20 00:00:00,4
current,False,False,2015-07-17 00:00:00,122,,
current,False,False,2015-07-17 00:00:00,39,,
canceled,False,True,2015-07-17 00:00:00,775,2015-07-24 00:00:00,7
current,False,False,2015-07-18 00:00:00,393,,
current,False,False,2015-07-19 00:00:00,1147,,
current,False,False,2015-07-19 00:00:00,325,,
current,False,False,2015-07-19 00:00:00,883,,
current,False,False,2015-07-20 00:00:00,1224,,
current,False,False,2015-08-11 00:00:00,332,,
current,False,False,2014-11-10 00:00:00,443,,
current,False,False,2014-11-10 00:00:00,309,,
canceled,False,True,2014-11-10 00:00:00,512,2015-03-17 00:00:00,127
canceled,False,True,2014-11-10 00:00:00,821,2014-11-16 00:00:00,6
current,False,False,2014-11-10 00:00:00,230,,
current,False,False,2014-11-10 00:00:00,301,,
canceled,False,True,2014-11-10 00:00:00,760,2014-11-13 00:00:00,3
current,False,False,2014-11-10 00:00:00,506,,
canceled,False,True,2014-11-10 00:00:00,1243,2014-11-18 00:00:00,8
canceled,False,True,2014-11-10 00:00:00,737,2014-11-10 00:00:00,0
canceled,False,True,2014-11-10 00:00:00,1220,2014-12-17 00:00:00,37
canceled,False,True,2014-11-10 00:00:00,878,2014-11-10 00:00:00,0
canceled,False,True,2014-11-10 00:00:00,1288,2014-11-15 00:00:00,5
current,False,False,2014-11-10 00:00:00,755,,
canceled,False,True,2014-11-11 00:00:00,85,2015-03-27 00:00:00,136
canceled,False,True,2014-11-11 00:00:00,160,2015-02-18 00:00:00,99
current,False,False,2015-08-11 00:00:00,1050,,
canceled,False,True,2015-08-11 00:00:00,998,2015-08-18 00:00:00,7
current,False,False,2015-08-13 00:00:00,834,,
current,False,False,2015-08-14 00:00:00,742,,
canceled,False,True,2015-02-07 00:00:00,981,2015-02-07 00:00:00,0
current,False,False,2015-02-08 00:00:00,535,,
canceled,False,True,2015-02-09 00:00:00,636,2015-02-10 00:00:00,1
canceled,False,True,2015-03-05 00:00:00,636,2015-08-12 00:00:00,160
canceled,False,True,2015-02-09 00:00:00,423,2015-04-08 00:00:00,58
current,False,False,2015-04-08 00:00:00,423,,
canceled,False,True,2015-02-10 00:00:00,1112,2015-02-13 00:00:00,3
canceled,False,True,2015-02-11 00:00:00,190,2015-04-08 00:00:00,56
current,False,False,2015-04-08 00:00:00,190,,
canceled,False,True,2015-02-11 00:00:00,1078,2015-02-17 00:00:00,6
canceled,False,True,2015-02-11 00:00:00,692,2015-02-24 00:00:00,13
current,True,False,2015-02-25 00:00:00,1101,,
canceled,False,True,2015-03-05 00:00:00,904,2015-03-10 00:00:00,5
canceled,False,True,2015-03-05 00:00:00,259,2015-03-12 00:00:00,7
canceled,False,True,2015-04-07 00:00:00,259,2015-07-14 00:00:00,98
canceled,False,True,2015-03-05 00:00:00,653,2015-03-05 00:00:00,0
current,False,False,2015-07-08 00:00:00,653,,
canceled,False,True,2015-03-06 00:00:00,1177,2015-03-06 00:00:00,0
current,False,False,2015-03-11 00:00:00,1177,,
current,False,False,2015-03-06 00:00:00,233,,
current,False,False,2015-03-08 00:00:00,351,,
canceled,False,True,2015-03-09 00:00:00,680,2015-03-12 00:00:00,3
canceled,False,True,2015-03-09 00:00:00,1148,2015-03-09 00:00:00,0
current,False,False,2015-08-23 00:00:00,854,,
current,False,False,2015-08-23 00:00:00,880,,
canceled,False,True,2014-11-13 00:00:00,839,2015-01-15 00:00:00,63
canceled,False,True,2014-11-13 00:00:00,1161,2014-12-20 00:00:00,37
current,False,False,2014-11-14 00:00:00,672,,
current,False,False,2014-11-14 00:00:00,282,,
current,False,False,2014-11-14 00:00:00,155,,
canceled,False,True,2014-11-14 00:00:00,949,2014-11-20 00:00:00,6
current,False,False,2014-11-15 00:00:00,257,,
current,False,False,2014-11-16 00:00:00,311,,
current,False,False,2014-11-16 00:00:00,188,,
canceled,False,True,2014-11-16 00:00:00,1146,2014-12-23 00:00:00,37
canceled,False,True,2014-11-16 00:00:00,65,2015-02-23 00:00:00,99
canceled,False,True,2014-11-16 00:00:00,787,2014-12-23 00:00:00,37
canceled,False,True,2015-03-10 00:00:00,941,2015-04-01 00:00:00,22
current,False,False,2015-03-10 00:00:00,457,,
canceled,False,True,2015-03-11 00:00:00,1119,2015-03-15 00:00:00,4
canceled,False,True,2015-08-16 00:00:00,1119,2015-08-16 00:00:00,0
canceled,False,True,2015-03-11 00:00:00,899,2015-03-17 00:00:00,6
canceled,False,True,2015-03-11 00:00:00,985,2015-04-18 00:00:00,38
canceled,False,True,2015-03-11 00:00:00,1186,2015-03-11 00:00:00,0
current,False,False,2015-04-01 00:00:00,333,,
canceled,False,True,2015-04-01 00:00:00,681,2015-04-07 00:00:00,6
canceled,False,True,2015-06-09 00:00:00,681,2015-06-15 00:00:00,6
canceled,False,True,2014-12-03 00:00:00,835,2015-01-10 00:00:00,38
canceled,False,True,2014-12-03 00:00:00,549,2015-06-10 00:00:00,189
canceled,False,True,2014-12-03 00:00:00,660,2015-01-10 00:00:00,38
canceled,False,True,2014-12-03 00:00:00,174,2015-03-10 00:00:00,97
canceled,False,True,2014-12-03 00:00:00,1261,2014-12-08 00:00:00,5
canceled,False,True,2014-12-04 00:00:00,514,2015-06-11 00:00:00,189
canceled,False,True,2014-12-04 00:00:00,1135,2014-12-08 00:00:00,4
canceled,False,True,2014-12-05 00:00:00,953,2014-12-11 00:00:00,6
current,False,False,2014-12-05 00:00:00,594,,
current,False,False,2014-12-06 00:00:00,137,,
canceled,False,True,2014-12-06 00:00:00,725,2014-12-06 00:00:00,0
canceled,False,True,2014-12-06 00:00:00,820,2014-12-09 00:00:00,3
canceled,False,True,2014-12-07 00:00:00,778,2014-12-29 00:00:00,22
canceled,False,True,2014-12-07 00:00:00,865,2014-12-13 00:00:00,6
canceled,False,True,2014-12-08 00:00:00,801,2015-02-03 00:00:00,57
canceled,False,True,2014-12-08 00:00:00,1077,2015-01-30 00:00:00,53
canceled,False,True,2014-12-08 00:00:00,808,2014-12-30 00:00:00,22
current,False,False,2014-12-08 00:00:00,241,,
canceled,False,True,2014-12-08 00:00:00,767,2014-12-11 00:00:00,3
current,False,False,2014-12-08 00:00:00,46,,
canceled,False,True,2014-12-09 00:00:00,917,2014-12-14 00:00:00,5
canceled,False,True,2014-12-09 00:00:00,933,2014-12-14 00:00:00,5
canceled,False,True,2014-12-09 00:00:00,1246,2014-12-15 00:00:00,6
current,False,False,2015-04-02 00:00:00,363,,
current,False,False,2015-04-02 00:00:00,269,,
canceled,False,True,2015-04-03 00:00:00,528,2015-08-10 00:00:00,129
canceled,False,True,2015-04-04 00:00:00,1145,2015-04-04 00:00:00,0
canceled,False,True,2015-04-06 00:00:00,658,2015-04-08 00:00:00,2
canceled,False,True,2015-04-10 00:00:00,658,2015-04-10 00:00:00,0
canceled,False,True,2015-04-07 00:00:00,1158,2015-04-09 00:00:00,2
current,False,False,2015-04-07 00:00:00,600,,
canceled,False,True,2015-04-08 00:00:00,1115,2015-05-15 00:00:00,37
canceled,False,True,2015-04-08 00:00:00,957,2015-04-14 00:00:00,6
current,False,False,2015-04-12 00:00:00,920,,
canceled,False,True,2015-04-24 00:00:00,447,2015-06-04 00:00:00,41
current,False,False,2015-04-24 00:00:00,370,,
current,False,False,2015-05-06 00:00:00,84,,
current,False,False,2015-05-06 00:00:00,255,,
canceled,False,True,2014-12-09 00:00:00,987,2014-12-11 00:00:00,2
current,False,False,2015-01-07 00:00:00,472,,
canceled,False,True,2015-01-08 00:00:00,802,2015-01-08 00:00:00,0
canceled,False,True,2015-01-08 00:00:00,664,2015-01-08 00:00:00,0
canceled,False,True,2015-01-08 00:00:00,272,2015-05-15 00:00:00,127
current,False,False,2015-01-08 00:00:00,32,,
current,False,False,2015-01-11 00:00:00,115,,
canceled,False,True,2015-01-12 00:00:00,997,2015-01-12 00:00:00,0
canceled,False,True,2015-01-12 00:00:00,434,2015-06-03 00:00:00,142
canceled,False,True,2015-01-12 00:00:00,1061,2015-01-14 00:00:00,2
canceled,False,True,2015-01-12 00:00:00,532,2015-06-19 00:00:00,158
canceled,False,True,2015-01-12 00:00:00,847,2015-01-19 00:00:00,7
canceled,False,True,2015-05-06 00:00:00,937,2015-06-13 00:00:00,38
canceled,False,True,2015-05-06 00:00:00,927,2015-05-13 00:00:00,7
canceled,False,True,2015-05-13 00:00:00,927,2015-07-20 00:00:00,68
canceled,False,True,2015-05-07 00:00:00,1022,2015-06-14 00:00:00,38
current,False,False,2015-08-20 00:00:00,1022,,
current,False,False,2015-05-07 00:00:00,320,,
current,False,False,2015-05-07 00:00:00,635,,
current,False,False,2015-05-08 00:00:00,182,,
current,False,False,2015-05-08 00:00:00,298,,
current,False,False,2015-05-08 00:00:00,385,,
current,False,False,2015-05-09 00:00:00,175,,
canceled,False,True,2015-05-10 00:00:00,942,2015-05-15 00:00:00,5
current,False,False,2015-05-11 00:00:00,120,,
current,False,False,2015-05-11 00:00:00,314,,
current,False,False,2015-05-11 00:00:00,331,,
current,False,False,2015-05-11 00:00:00,303,,
current,False,False,2015-05-11 00:00:00,533,,
canceled,False,True,2015-05-11 00:00:00,1026,2015-05-12 00:00:00,1
current,False,False,2015-05-11 00:00:00,17,,
current,False,False,2015-05-11 00:00:00,129,,
current,False,False,2015-05-12 00:00:00,189,,
canceled,False,True,2015-05-12 00:00:00,772,2015-05-19 00:00:00,7
canceled,False,True,2015-05-12 00:00:00,870,2015-05-12 00:00:00,0
current,False,False,2015-05-12 00:00:00,4,,
current,False,False,2015-05-12 00:00:00,454,,
current,False,False,2015-05-12 00:00:00,715,,
canceled,False,True,2015-05-12 00:00:00,410,2015-08-19 00:00:00,99
canceled,False,True,2015-05-12 00:00:00,1007,2015-06-19 00:00:00,38
canceled,False,True,2015-07-18 00:00:00,1007,2015-07-23 00:00:00,5
canceled,False,True,2015-05-12 00:00:00,758,2015-05-17 00:00:00,5
current,False,False,2015-05-13 00:00:00,16,,
canceled,False,True,2015-01-12 00:00:00,1165,2015-01-13 00:00:00,1
current,False,False,2015-01-12 00:00:00,297,,
current,False,False,2015-01-12 00:00:00,373,,
canceled,False,True,2015-01-13 00:00:00,1284,2015-01-13 00:00:00,0
current,False,False,2015-02-05 00:00:00,510,,
canceled,False,True,2015-02-09 00:00:00,645,2015-05-16 00:00:00,96
canceled,False,True,2015-02-09 00:00:00,1079,2015-02-09 00:00:00,0
canceled,False,True,2015-02-09 00:00:00,1281,2015-02-12 00:00:00,3
current,False,False,2015-05-13 00:00:00,36,,
canceled,False,True,2015-05-28 00:00:00,1068,2015-05-29 00:00:00,1
current,False,False,2015-05-28 00:00:00,616,,
current,False,False,2015-05-29 00:00:00,55,,
current,False,False,2015-06-02 00:00:00,538,,
current,False,False,2015-06-03 00:00:00,503,,
current,False,False,2015-06-03 00:00:00,196,,
canceled,False,True,2015-06-06 00:00:00,1217,2015-07-28 00:00:00,52
current,False,False,2015-08-13 00:00:00,1217,,
canceled,False,True,2015-06-07 00:00:00,1106,2015-06-13 00:00:00,6
canceled,False,True,2015-06-08 00:00:00,762,2015-07-15 00:00:00,37
current,False,False,2015-06-08 00:00:00,565,,
canceled,False,True,2015-06-08 00:00:00,897,2015-07-15 00:00:00,37
current,False,False,2015-06-08 00:00:00,518,,
canceled,False,True,2015-06-08 00:00:00,961,2015-06-11 00:00:00,3
current,False,False,2015-06-08 00:00:00,384,,
canceled,False,True,2015-06-09 00:00:00,1075,2015-08-16 00:00:00,68
current,False,False,2015-06-09 00:00:00,888,,
current,False,False,2015-06-09 00:00:00,1227,,
current,False,False,2015-07-08 00:00:00,176,,
canceled,False,True,2015-07-09 00:00:00,1133,2015-07-15 00:00:00,6
current,False,False,2015-07-09 00:00:00,1231,,
canceled,False,True,2015-07-09 00:00:00,1005,2015-07-11 00:00:00,2
canceled,False,True,2015-02-10 00:00:00,999,2015-02-13 00:00:00,3
current,False,False,2015-02-10 00:00:00,391,,
canceled,False,True,2015-02-10 00:00:00,1188,2015-03-17 00:00:00,35
canceled,False,True,2015-03-04 00:00:00,1200,2015-04-11 00:00:00,38
canceled,False,True,2015-03-04 00:00:00,1196,2015-03-11 00:00:00,7
canceled,False,True,2015-03-04 00:00:00,113,2015-07-11 00:00:00,129
current,False,False,2015-03-06 00:00:00,409,,
canceled,False,True,2015-03-06 00:00:00,1082,2015-04-13 00:00:00,38
current,False,False,2015-03-06 00:00:00,872,,
canceled,False,True,2015-03-07 00:00:00,860,2015-03-11 00:00:00,4
canceled,False,True,2015-03-09 00:00:00,828,2015-04-16 00:00:00,38
canceled,False,True,2015-03-09 00:00:00,795,2015-03-13 00:00:00,4
canceled,False,True,2015-03-10 00:00:00,1100,2015-03-16 00:00:00,6
current,False,False,2015-03-10 00:00:00,172,,
canceled,False,True,2015-03-10 00:00:00,809,2015-03-14 00:00:00,4
current,False,False,2015-03-10 00:00:00,1276,,
current,False,False,2015-07-10 00:00:00,542,,
canceled,False,True,2015-07-14 00:00:00,1063,2015-07-14 00:00:00,0
canceled,False,True,2015-07-16 00:00:00,701,2015-07-20 00:00:00,4
current,False,False,2015-07-16 00:00:00,526,,
canceled,False,True,2015-07-17 00:00:00,1255,2015-07-23 00:00:00,6
current,False,False,2015-07-17 00:00:00,355,,
current,False,False,2015-07-17 00:00:00,901,,
canceled,False,True,2015-07-17 00:00:00,1023,2015-07-20 00:00:00,3
current,False,False,2015-07-17 00:00:00,764,,
current,False,False,2015-03-11 00:00:00,210,,
current,False,False,2015-03-11 00:00:00,1048,,
current,False,False,2015-04-01 00:00:00,543,,
current,False,False,2015-04-01 00:00:00,1149,,
canceled,False,True,2015-04-02 00:00:00,1175,2015-06-09 00:00:00,68
current,False,False,2015-04-02 00:00:00,781,,
current,False,False,2015-04-05 00:00:00,425,,
current,False,False,2015-04-06 00:00:00,118,,
current,False,False,2015-04-06 00:00:00,310,,
canceled,False,True,2015-04-06 00:00:00,19,2015-07-13 00:00:00,98
current,False,False,2015-07-19 00:00:00,1070,,
current,False,False,2015-07-19 00:00:00,798,,
canceled,False,True,2015-07-20 00:00:00,1270,2015-07-20 00:00:00,0
current,False,False,2015-07-20 00:00:00,548,,
current,False,False,2015-08-11 00:00:00,1143,,
current,False,False,2015-08-11 00:00:00,931,,
current,False,False,2015-08-12 00:00:00,1056,,
current,False,False,2015-08-12 00:00:00,1235,,
current,False,False,2015-08-12 00:00:00,417,,
current,False,False,2015-08-13 00:00:00,794,,
canceled,False,True,2015-08-17 00:00:00,921,2015-08-21 00:00:00,4
current,False,False,2015-08-20 00:00:00,816,,
current,False,False,2015-08-21 00:00:00,1269,,
current,False,False,2015-08-22 00:00:00,1067,,
current,False,False,2015-08-22 00:00:00,1157,,
canceled,False,True,2015-04-08 00:00:00,980,2015-04-14 00:00:00,6
canceled,False,True,2015-04-08 00:00:00,726,2015-05-15 00:00:00,37
current,False,False,2015-04-10 00:00:00,177,,
current,False,False,2015-04-24 00:00:00,797,,
current,False,False,2015-04-24 00:00:00,49,,
current,False,False,2015-05-05 00:00:00,376,,
canceled,False,True,2015-05-06 00:00:00,1004,2015-05-08 00:00:00,2
canceled,False,True,2015-05-06 00:00:00,1024,2015-05-11 00:00:00,5
current,False,False,2015-05-07 00:00:00,228,,
current,False,False,2015-05-07 00:00:00,173,,
current,False,False,2015-05-08 00:00:00,422,,
current,False,False,2015-05-10 00:00:00,236,,
canceled,False,True,2015-05-10 00:00:00,779,2015-06-18 00:00:00,39
canceled,False,True,2015-05-11 00:00:00,881,2015-05-14 00:00:00,3
current,False,False,2015-05-11 00:00:00,1182,,
current,False,False,2015-05-11 00:00:00,287,,
current,False,False,2015-05-11 00:00:00,648,,
canceled,False,True,2015-05-11 00:00:00,1249,2015-07-18 00:00:00,68
current,False,False,2015-05-11 00:00:00,519,,
canceled,False,True,2015-05-11 00:00:00,1099,2015-07-18 00:00:00,68
current,False,False,2015-05-12 00:00:00,566,,
canceled,False,True,2015-05-12 00:00:00,846,2015-06-19 00:00:00,38
canceled,False,True,2015-05-12 00:00:00,1052,2015-07-19 00:00:00,68
canceled,False,True,2015-05-12 00:00:00,1059,2015-05-18 00:00:00,6
canceled,False,True,2015-05-12 00:00:00,661,2015-06-19 00:00:00,38
current,False,False,2015-05-12 00:00:00,852,,
current,False,False,2015-05-12 00:00:00,491,,
current,False,False,2015-05-13 00:00:00,445,,
current,False,False,2015-05-13 00:00:00,644,,
current,False,False,2015-05-13 00:00:00,68,,
current,False,False,2015-06-01 00:00:00,489,,
canceled,False,True,2015-06-01 00:00:00,911,2015-06-03 00:00:00,2
canceled,False,True,2015-06-03 00:00:00,1291,2015-06-03 00:00:00,0
current,False,False,2015-06-03 00:00:00,1206,,
current,False,False,2015-06-07 00:00:00,414,,
current,False,False,2015-06-08 00:00:00,226,,
current,False,False,2015-06-08 00:00:00,2,,
canceled,False,True,2015-06-09 00:00:00,1241,2015-06-09 00:00:00,0
canceled,False,True,2015-06-09 00:00:00,1187,2015-06-15 00:00:00,6
current,False,False,2015-07-08 00:00:00,1274,,
current,False,False,2015-07-08 00:00:00,218,,
current,False,False,2015-07-09 00:00:00,324,,
canceled,False,True,2015-07-09 00:00:00,891,2015-07-15 00:00:00,6
current,False,False,2015-07-11 00:00:00,1000,,
current,False,False,2015-07-13 00:00:00,973,,
current,False,False,2015-07-15 00:00:00,806,,
canceled,False,True,2015-07-16 00:00:00,1178,2015-08-07 00:00:00,22
current,False,False,2015-07-16 00:00:00,832,,
canceled,False,True,2015-07-16 00:00:00,1232,2015-07-17 00:00:00,1
canceled,False,True,2015-07-17 00:00:00,1057,2015-07-21 00:00:00,4
current,False,False,2015-07-17 00:00:00,689,,
current,False,False,2015-07-17 00:00:00,1278,,
canceled,False,True,2015-07-17 00:00:00,1272,2015-07-23 00:00:00,6
current,False,False,2015-07-17 00:00:00,438,,
current,False,False,2015-07-17 00:00:00,992,,
current,False,False,2015-07-17 00:00:00,575,,
canceled,False,True,2015-07-20 00:00:00,807,2015-07-22 00:00:00,2
current,False,False,2015-08-11 00:00:00,1298,,
current,False,False,2015-08-11 00:00:00,751,,
current,False,False,2015-08-12 00:00:00,1176,,
current,False,False,2015-08-13 00:00:00,1110,,
canceled,False,True,2015-08-15 00:00:00,1116,2015-08-18 00:00:00,3
current,False,False,2015-08-22 00:00:00,874,,
current,False,False,2015-08-23 00:00:00,686,,
